실제 최종 계약 체결일,계약 명,계약 형태,최초 계약 금액,최초 계약 기간(추정),현재 계약 금액,현재 계약 기간,모집 금액
2026.3.11,학원ERP 기능 고도화 개발(오군영),삼자 위임 양면 계약,2500000,30,2500000,31,2500000
2026.3.12,"PG 가맹점 사장님용 모바일 웹 디자인, 퍼블리싱 및 앱개발",삼자 양면 계약,10700000,75,10700000,66,6000000
2026.3.11,"보험 약관/상품 정보(PDF, 이미지) 기반 AI 상담 챗봇 구축",삼자 양면 계약,25700000,80,25700000,81,30000000
2026.3.10,홈페이지 제작 웹 퍼블리싱 및 디자인(박세익),삼자 위임 양면 계약,3500000,30,4000000,31,4000000
2026.3.10,QR 기반 시간외근무 기록 시스템 개발,삼자 양면 계약,750000,16,750000,17,1000000
2026.3.10,예술 작품 전시 및 판매를 위한 인터랙티브 웹사이트 구축,삼자 양면 계약,2500000,66,2500000,67,4000000
2026.3.10,nRF52 기반 지능형 노지 스마트팜 통합 관제 펌웨어 개발(홍광선),삼자 위임 양면 계약,9000000,60,9000000,61,5000000
2026.3.9,C# 서버 및 유니티 간 소켓 통신 끊김 현상 디버깅,삼자 양면 계약,1000000,6,1000000,7,1000000
2026.3.10,Storeganise API 연동 백엔드 서버 개발,삼자 양면 계약,6000000,34,6000000,35,6000000
2026.3.9,지역 기반 콘텐츠 공유 커뮤니티 플랫폼 구축,삼자 양면 계약,18000000,159,18000000,160,50000000
2026.3.9,풀스택 Laravel 개발 PL(이남엽),삼자 위임 양면 계약,4800000,31,4800000,31,6000000
2026.3.9,Cafe24 기반 자사몰 SEO 최적화 및 디자인 리뉴얼,삼자 양면 계약,7000000,56,7000000,57,8000000
2026.3.10,AI 문법 생성 엔진 연동형 학습 LMS 및 로그 데이터 파이프라인 구축(SaaS),삼자 양면 계약,15200000,27,15200000,28,50000000
2026.3.9,광고 매체 통합(API) 및 웹 로그 분석 SaaS 기능 고도화 개발,삼자 양면 계약,6000000,56,6000000,57,15000000
2026.3.9,도매매 API 연동 쇼핑몰 상품 동기화 및 통합 관리 프로그램 개발,삼자 양면 계약,38000000,105,38000000,106,29000000
2026.3.10,레스토랑 브랜드 다국어 홈페이지 제작,삼자 양면 계약,20000000,65,20000000,66,20000000
2026.3.5,게임 사이트 메인 UI/UX 디자인 및 상세페이지 디자인,삼자 양면 계약,7000000,66,7000000,67,4000000
2026.3.6,"기업 및 이용자간의 콘텐즈의 거래, 라이선스,유통을 지원하는 온라인 플랫폼",삼자 양면 계약,22500000,86,22500000,87,30000000
2026.3.6,Xconda AI 플랫폼 기능 개선 및 고도화,삼자 양면 계약,6000000,34,6000000,35,6000000
2026.3.5,앱 설치 유도 딥링크 적용 개발,삼자 양면 계약,500000,3,500000,4,500000
2026.3.6,현장 서비스 리포트 및 안전 서류 관리 시스템 개발,삼자 양면 계약,27000000,102,27000000,103,30000000
2026.3.5,사립 유치원 전용 회계 기장 및 에듀파인 자동 전송 시스템 구축,삼자 양면 계약,9000000,97,9000000,98,25000000
2026.3.4,홈페이지 신규 턴키 구축,삼자 양면 계약,3000000,49,3000000,50,2500000
2026.3.9,고도몰 기반 커뮤니티형 커머스 모바일 웹 및 앱 구축,삼자 양면 계약,23000000,101,23000000,118,20000000
2026.3.4,AD카드 통신 모듈 펌웨어 수정 및 PLC 데이터 연동(Modbus RTU),삼자 양면 계약,2400000,16,2400000,17,독립 계약
2026.3.5,홈페이지 프로젝트 기획(김미경),삼자 위임 양면 계약,3387097,20,3387097,21,5000000
2026.3.5,기존 백엔드 연동 네이티브 앱  UI/UX 및 프론트엔드 개발,삼자 양면 계약,13000000,69,13000000,70,15000000
2026.3.5,6축 모션 시뮬레이터 모터 제어 SW 개발,삼자 양면 계약,5000000,68,5000000,68,7000000
2026.3.4,Spring Boot 기반 글로벌 SaaS 솔루션 백엔드 개발(신영석),삼자 위임 양면 계약,27999999,121,27999999,122,7000000
2026.3.5,원무과 접수 및 진료실 환자 선택 시 검사 프로그램 자동 입력 RPA 개발,삼자 양면 계약,6000000,44,6000000,45,6000000
2026.3.3,디지털 매거진 AI 기반 상품 추천 기능 개발,삼자 양면 계약,25000000,100,25000000,101,30000000
2026.3.9,앱 설치 유도 딥링크 적용 개발,삼자 양면 계약,500000,3,0,0,500000
,C언어 기반 OCPP 1.6 Websocket 통신 시스템을 JAVA로 변경,양자 계약,87000000,150,87000000,151,100000000
2026.3.5,PHP 기반 홈페이지 성능 및 AEO 고도화,삼자 양면 계약,3000000,35,3000000,36,3000000
2026.2.27,이미지 임베딩 기반 유사 색상 추천 챗봇(네이버톡톡 기반) 백엔드 구축,삼자 양면 계약,2500000,22,2500000,23,3000000
2026.2.27,Dify 연동 AI 업무 자동화 앱 모음 서비스 구축,삼자 양면 계약,1200000,11,1200000,12,10000000
2026.3.9,Unity 기반 디지털트윈 클라이언트 시스템 3D 개발(이준진),삼자 위임 양면 계약,14000000,58,14000000,59,7000000
2026.2.27,건설 현장 투입비 관리 및 업무 자동화 시스템 구축,삼자 양면 계약,29200000,62,29200000,63,30000000
2026.2.26,HOD 지그 제어용 안드로이드 태블릿 앱 개발,삼자 양면 계약,2000000,14,2000000,15,3000000
2026.2.27,프로토타입 기반 현장 안전 점검 및 보고서 자동화 시스템 개발,삼자 양면 계약,16200000,45,16200000,44,10000000
2026.2.27,Vimeo 연동 이러닝 플랫폼 프론트엔드 개발,삼자 양면 계약,10000000,69,10000000,70,10000000
2026.2.26,React 기반 쇼핑몰 운영 관리 및 유지보수(월200/3개월),삼자 양면 계약,6000000,91,6000000,92,6000000
2026.3.11,부동산 SaaS 플랫폼 고도화 및 연간 유지보수,삼자 양면 계약,60000000,364,0,0,60000000
2026.2.26,AI 기반 판례 검색 시스템 구축,삼자 양면 계약,33200000,64,33200000,65,30000000
2026.3.3,전자장비 제조 컨텐츠 디자이너(박찬기),삼자 위임 양면 계약,15000000,150,15000000,151,3000000
2026.2.25,박스 판매 및 자동 견적 플랫폼 구축,삼자 양면 계약,7000000,48,7000000,49,20000000
2026.3.9,CAN 통신 인증 프로그램 개발(김규선),삼자 위임 양면 계약,18051612,91,16451612,84,6000000
2026.2.25,심리상담센터 디자인 및 퍼블리싱 수정,삼자 양면 계약,1000000,11,1000000,12,1000000
2026.2.25,Spring Boot 기반 이커머스 통합관리 플랫폼 백엔드 개발(마지연),삼자 위임 양면 계약,1000000,7,1000000,15,4000000
2026.2.25,카페24 기반 쇼핑몰 메인 배너 미노출 오류 수정 및 정상화,삼자 양면 계약,100000,1,100000,2,300000
2026.2.26,Java 기반 판매 및 재고 전산 시스템 구축,삼자 양면 계약,9000000,124,9000000,125,30000000
2026.2.26,마아피 앱 QA,삼자 계약,5700000,42,5700000,43,5700000
2026.2.26,마이피 웹앱 랜딩페이지 제작,삼자 계약,3800000,42,3800000,43,3800000
2026.2.24,숏폼 영상 생성 스크립트 작성 (PoC),삼자 양면 계약,500000,8,500000,9,1000000
2026.2.24,워드프레스 Houzez 테마 커스텀,삼자 양면 계약,2000000,29,2000000,30,3000000
2026.2.25,Vue 기반 영업관리 시스템 웹앱 퍼블리싱(배혜진),삼자 위임 양면 계약,5500000,31,5500000,31,5500000
2026.2.23,엑셀-일러스트레이터 텍스트 배치 스크립트 개발,삼자 양면 계약,1500000,16,1500000,17,1500000
2026.2.25,AI 기반 온오프라인 소셜 매칭 플랫폼 구축,삼자 양면 계약,73700000,168,73700000,169,80000000
,VC++/MFC 기반 양산 테스트 설비 제어 프로그램 개발(정보석),삼자 위임 양면 계약,1875000,4,1875000,5,7500000
2026.2.27,VC++/MFC 기반 양산 테스트 설비 제어 프로그램 개발(한명탁),삼자 위임 양면 계약,1875000,4,1875000,5,7500000
2026.2.24,글로벌 SaaS 프로젝트 관리 솔루션 적용 분석/설계(전현정),삼자 위임 양면 계약,31999999,121,31483870,120,10000000
2026.3.3,실내 체험형 LED 발판 게임 유니티(Unity) 콘텐츠 개발,삼자 양면 계약,10000000,37,10000000,38,10000000
2026.2.25,수출용 중고차/사고차 자사몰 구축,삼자 양면 계약,19500000,71,17727273,72,20000000
2026.2.23,모니터링 시스템 복구 및 유지보수,삼자 양면 계약,1200000,17,1200000,18,1500000
2026.2.23,모두의 드라이브 어플리케이션 구축,삼자 양면 계약,28000000,102,28000000,103,0
2026.2.20,장학재단 홈페이지 메인 하단 유관기관 배너/링크 추가,삼자 양면 계약,200000,1,200000,2,200000
2026.2.24,NodeJS/React 기반 cafe24 주문 내역 집계 자동 시스템 개발,삼자 양면 계약,3500000,18,3500000,18,3500000
2026.2.23,Cafe24 기반 글로벌 쇼핑몰 해외 주소 입력 방식 수정 개발,삼자 양면 계약,1000000,33,1000000,5,1000000
2026.3.11,React Native 기반 사내 HRMS·업무지원 앱 개발(김병찬),삼자 위임 양면 계약,14619815,88,14619815,89,5000000
2026.2.24,네이버 스마트스토어 상품 문의(QnA) 자동 답변 시스템 구축(톡톡 제외),삼자 양면 계약,11000000,49,11000000,67,10000000
2026.2.13,cafe24 기반 인테리어 자재 쇼핑몰 구축,삼자 양면 계약,7000000,49,7000000,50,7000000
2026.2.20,웹 기반 차량 외관 검사 시스템 풀스택 개발,삼자 양면 계약,6000000,34,6000000,35,5000000
,Java 기반 큐셀 공식 홈페이지 유지보수 및 UI/UX 고도화,양자 계약,84000000,365,84000000,365,90000000
2026.2.20,데이터 마이그레이션 포함 통합 커머스 및 커뮤니티 플랫폼 구축,삼자 양면 계약,60000000,142,60000000,143,70000000
2026.2.19,IOT 센서 안전고리 실시간 체결 감지 앱 MVP 개발,삼자 양면 계약,8000000,34,8000000,35,8000000
2026.2.19,정보보안 솔루션 UI/UX 디자인 고도화,삼자 양면 계약,1800000,34,1800000,35,1800000
2026.2.19,기존 AI 챗봇 연동 서비스 개발,삼자 양면 계약,25000000,92,25000000,93,23000000
2026.2.12,PHP 기반 알림톡 연동·추천 시스템 개발 및 모바일 최적화,삼자 양면 계약,2000000,39,2000000,40,7000000
2026.2.19,빌딩 자동 제어 시스템 동작 시험 및 AI 기반 제어 PC 프로그램 개발,삼자 양면 계약,55000000,272,50000000,263,30000000
2026.2.13,지도형 SNS 커뮤니티 하이브리드 서비스 mvp구축,삼자 양면 계약,15000000,100,15000000,101,15000000
2026.2.23,oracle 11g to aws postgreSQL 변환,삼자 양면 계약,3500000,12,3500000,12,3500000
2026.3.3,Figma 기반 HR/Payroll 연말정산 시스템 UI/UX 디자인(김태길),삼자 위임 양면 계약,7612903,58,9516129,59,4500000
2026.2.27,손님용 모빌리티 예약 및 결제 앱 구축,삼자 양면 계약,17000000,97,17000000,130,20000000
2026.2.12,Flutter / Spring Boot 기반 모바일 앱 DB연동 백엔드 오류 수정,삼자 양면 계약,1000000,13,1000000,13,1000000
2026.2.13,발렛 주차 관리 플랫폼 MVP 구축,삼자 양면 계약,20000000,67,20000000,67,20000000
2026.2.11,.NET 기반 기능 수정 및 외부 시스템 연동 개발,삼자 양면 계약,1200000,10,1200000,16,1200000
2026.2.19,일본 앱 기반 글로벌 다국어(i18n) 확장 개발,삼자 양면 계약,10000000,33,10000000,34,10000000
2026.2.11,EMR 제어 및 데이터 추출을 위한 윈도우 RPA 모듈 개발,삼자 양면 계약,5500000,47,5500000,48,6000000
2026.2.11,신랑신부 맞춤형 본식 플래닝 및 전문 인력 중개 플랫폼 구축,삼자 양면 계약,47000000,1,47000000,86,40000000
2026.2.13,해외 타겟 하이퍼로컬 마켓플레이스 앱 MVP 개발,삼자 양면 계약,30000000,134,30000000,135,30000000
2026.2.10,히터/유량 PID 알고리즘 적용 커피머신 추출모듈 제어보드 개발(POC),삼자 양면 계약,7500000,56,7500000,57,10000000
2026.2.23,SK하이닉스 Java/Spring 기반 반도체 자산관리 시스템 백엔드 개발(박윤철),삼자 위임 양면 계약,36428571,145,36428571,146,7500000
2026.2.23,ESP32 기반 의료기기 펌웨어 개발(전영규),삼자 위임 양면 계약,21000000,88,21000000,89,7000000
2026.3.9,Python/AWS 기반 B2B 연계 시스템 풀스택 개발(송영재),삼자 위임 양면 계약,6611980,27,4614285,19,6800000
2026.2.9,Java/Spring 기반 SI 풀스택 개발(김형돈),삼자 위임 양면 계약,3000000,27,3000000,28,3000000
2026.2.11,Java/Angular 기반 면접평가시스템 기능 고도화 및 오류 수정,삼자 양면 계약,16000000,49,16000000,41,18000000
2026.2.11,Excel 기반 매크로 프로그램 시각화 개선 및 적용(미솔브어스),삼자 위임 양면 계약,3000000,30,3000000,31,3000000
2026.2.6,고도몰 기반 중고폰 판매 쇼핑몰 디자인 리뉴얼,삼자 양면 계약,1200000,16,1200000,17,3000000
2026.2.11,매디컬 공급업체 폐쇄몰 리뉴얼 기획,삼자 양면 계약,7000000,32,7000000,33,7000000
,RabbitMQ/ 바코드 기반 Cell/Jig 통합 관리 및 공정 트래킹 시스템 구축,양자 계약,41300000,74,41300000,75,35000000
2026.2.6,멀티 거래소 연동 가상화폐 전략 트레이딩 및 정산 플랫폼 구축,삼자 양면 계약,54825000,132,54825000,133,50000000
2026.2.20,Kotlin/Android 기반 모바일 앱 개발(유원상),삼자 위임 양면 계약,10000000,58,10000000,59,4000000
,HWP 템플릿 기반 문서 자동 생성 라이브러리 개발,양자 계약,5000000,33,5000000,34,6000000
2026.2.6,교육 플랫폼 카테고리별 대표 이미지 디자인,삼자 양면 계약,400000,2,400000,3,400000
2026.2.11,경진대회 참가자 관리 및 심사 부문별 독립 사이트 구축,삼자 양면 계약,25000000,277,25000000,298,25000000
2026.2.20,Figma기반 게임 프로젝트 UX/UI 디자인(공희진),삼자 위임 양면 계약,15000000,89,15000000,89,5000000
2026.2.19,"워드프레스 플러그인(Amelia, Edwiser, FluentCRM 등) 워크플로우 구현",삼자 양면 계약,2000000,5,2000000,9,2000000
2026.2.12,폐차장 전용 입찰 가치 산정 및 관리 시스템 개발,삼자 양면 계약,15000000,67,15000000,68,15000000
2026.3.12,삼성전자MCM GoLang 백엔드 개발(송재천),삼자 위임 양면 계약,4519062,25,4519062,25,8000000
2026.2.6,QR코드 연동 프로모션 웹페이지 개발,삼자 양면 계약,18000000,42,18000000,43,15000000
2026.3.4,ComfyUI API 연동 CRM 웹서비스 개발,삼자 양면 계약,12000000,53,0,0,20000000
2026.2.5,주문 접수 자동화 및 자동 송장 출력 기능 개발,삼자 양면 계약,2000000,66,2000000,67,5000000
2026.2.5,임직원 전용 입점형 폐쇄몰 및 포인트 정산 시스템 개발,삼자 양면 계약,40000000,109,36000000,110,40000000
2026.2.11,카카오톡 메시지 자동 발송 윈도우 프로그램 개발,삼자 양면 계약,5500000,22,5500000,28,3000000
2026.2.4,FPGA 기반 신호처리 알고리즘 임베디드 개발 (재택근무),삼자 양면 계약,3500000,33,3500000,34,3500000
,LLM 챗봇 도입 구조 포함 연구소 홈페이지 구축,양자 계약,9000000,56,9000000,57,8000000
2026.2.5,기획 제안서 PPT 제작 (상주 필수),삼자 양면 계약,1100000,2,1100000,3,1000000
2026.2.9,기존 ASP 웹시스템 PHP 전환 개발,삼자 양면 계약,25000000,134,25000000,135,25000000
2026.2.4,특허법률사무소 관리 프로그램 성능 개선 및 기능 고도화,삼자 양면 계약,2000000,22,2000000,23,2000000
,React 프런트엔드 개발(퍼블리싱 포함),양자 위임 계약,13200000,58,13200000,59,6000000
2026.2.25,React/Next기반 물류 관제 시스템 프론트엔드 개발(차현우),삼자 위임 양면 계약,5100000,36,5100000,37,4000000
2026.2.3,출가체험 교육용 웹 리뉴얼 개발,삼자 양면 계약,2000000,23,2000000,23,2000000
2026.2.3,의류 커스텀 쇼핑몰 리뉴얼 구축,삼자 양면 계약,36000000,139,36000000,140,40000000
2026.2.2,기업 소개 및 제휴 제안 접수를 위한 반응형 웹사이트 구축,삼자 양면 계약,1100000,15,1100000,16,1100000
2026.2.4,공식 대리점 홈페이지 구축(GEO/SEO 특화),삼자 양면 계약,8000000,65,8000000,66,8000000
2026.2.2,임베디드 3.5인치 LCD PPT to Figma 디자인,삼자 양면 계약,500000,6,500000,7,500000
2026.2.5,스마트 매장 운영 솔루션 UX 기획(박진주),삼자 위임 양면 계약,31800000,180,31800000,181,5500000
2026.2.2,테이블오더 앱 UX 현황 분석 및 개선사항 제안,삼자 양면 계약,4000000,34,4000000,35,2000000
2026.2.20,워드프레스 Houzez 테마 커스텀,삼자 양면 계약,2000000,44,0,0,3000000
2026.2.6,React/TypeScript 기반 AI 비주얼 플랫폼 개발(김지은),삼자 위임 양면 계약,13350000,89,13011635,89,4500000
2026.2.6,건설 장비 유류 관리 및 동선 관제 시스템 개발,삼자 양면 계약,2800000,32,2800000,33,5000000
2026.2.2,묘지 이장/개장 소개 및 견적 자동 산출 홈페이지 구축,삼자 양면 계약,2500000,32,2500000,33,2500000
2026.2.2,워드프레스 기반 자율주행 SW 스타트업 영문 웹사이트 UI/UX 디자인,삼자 양면 계약,1500000,16,1500000,17,1500000
2026.2.2,O2O 자전거 정비 업체 공유 및 예약서비스,삼자 양면 계약,22000000,130,22000000,131,25000000
2026.2.2,Embedded C 기반 MCU 펌웨어 마이그레이션 및 빌드 정리(정필섭),삼자 위임 양면 계약,4500000,23,4500000,24,4500000
2026.2.3,ePUB 스트리밍 뷰어 및 구독 플랫폼 구축,삼자 양면 계약,23000000,70,23000000,71,20000000
2026.1.30,해외 고객 대상의 글로벌(영/중) 웹사이트 구축,삼자 양면 계약,3500000,6,2500000,34,2500000
2026.1.29,주문형 카페 키오스크 UI 리뉴얼(배리어프리) 디자인,삼자 양면 계약,1300000,29,1300000,30,1200000
2026.1.29,보증수리 대차 업무 전용 관리 시스템 개발,삼자 양면 계약,16363636,100,16363636,100,20000000
2026.1.29,Next 프런트엔드 개발(김윤찬),삼자 위임 양면 계약,4000000,29,4000000,31,3500000
2026.3.5,전자장비 제조 컨텐츠 디자이너 모집 (주 4일 근무/ 재택 근무)(김승준),삼자 위임 양면 계약,18000000,179,3000000,27,3000000
,외국인 전용 다국어 배달 플랫폼 유지보수 (기간 연장 가능),삼자 양면 계약,3600000,90,3600000,97,3600000
2026.1.29,kotlin/Spring Boot 기반 백오피스 개발(이종협),삼자 위임 양면 계약,66000000,333,66000000,334,5500000
2026.1.28,기존 PHP 홈페이지 퍼블리싱,삼자 양면 계약,990000,7,990000,8,1000000
2026.1.30,델파이(Delphi) 기반 LPR 시스템 제어 로직 API 모듈화 및 경량화,삼자 양면 계약,4000000,71,4000000,72,8000000
2026.2.6,하이브리드 앱 모바일 Native 파트 기능 개발(오군영),삼자 위임 양면 계약,11857142,87,11857142,88,4000000
2026.1.30,NestJS 기반 헬스케어 서비스 백엔드 개발(황창환),삼자 위임 양면 계약,20000000,119,20000000,120,5000000
2026.1.28,골프장 상품소개 영업 제안서 PPT 디자인,삼자 양면 계약,500000,3,500000,4,500000
2026.1.28,기업 홈페이지 디자인 및 콘텐츠 리뉴얼,삼자 양면 계약,3500000,34,3500000,35,3500000
2026.1.27,체외진단 의료기기 연동 결과 리포트 생성 프로그램 개발,삼자 양면 계약,10000000,67,10000000,68,10000000
2026.1.27,Bubble/Next.js 기반 운동 공간 모니터링 시스템 Python으로 재구성,삼자 양면 계약,3636364,25,3636364,26,3600000
2026.1.30,당사 물류센터에 맞는 WMS(창고관리시스템) 개발,삼자 양면 계약,38000000,1,38000000,145,40000000
2026.1.29,Flutter 기반 장정맥 인증 키오스크 클라이언트 및 관리자 앱 개발,삼자 양면 계약,20000000,71,20000000,72,15000000
2026.1.26,바이브 코딩 생성 결과물 운영 및 배포 가이드 기술 자문,삼자 양면 계약,100000,1,100000,2,100000
,기존 오픈마켓 서비스 B2B 쇼핑몰 전환 리뉴얼 개발,양자 계약,35600000,60,35600000,61,30000000
2026.1.27,기업 홈페이지 및 자사 제품 검색 및 추천 AI 챗봇 구축,삼자 양면 계약,20000000,97,20000000,98,30000000
2026.1.26,C# 게임 서버 DB 저장 오류 및 로직 수정,삼자 양면 계약,1000000,7,1000000,8,1000000
2026.1.26,1인 콜밴 회사 소개 및 예약 서비스 구축,삼자 양면 계약,9000000,67,9000000,68,8000000
2026.1.23,IT 매칭 플랫폼 로고(BI/CI) 디자인,삼자 양면 계약,900000,15,900000,16,500000
,React 기반 제조용 시스템 프론트엔드 개발 (류지환),양자 근로 계약,23200000,120,23200000,120,5000000
2026.1.26,B2B 가구 도매 주문 및 거래 관리 시스템 구축,삼자 양면 계약,10100000,64,8100000,65,20000000
2026.1.23,Unity 앱·서버 통합 상태 기술 진단,삼자 양면 계약,1000000,7,1000000,8,1000000
2026.1.23,무인 매장 관리를 위한 안드로이드 키오스크 및 웹 ERP 개발,삼자 양면 계약,40000000,129,40000000,130,40000000
2026.1.26,통신 대리점 전용 고객관리 및 업무 자동화 시스템 구축,삼자 양면 계약,27000000,93,27000000,94,30000000
2026.1.26,O2O 플랫폼 상세 기획 및 UI/UX 디자인 (김희진),삼자 위임 양면 계약,9000000,66,9000000,67,4000000
,MSSQL to Oracle DB 전환 (남종철),양자 위임 계약,11360000,40,11360000,41,독립 계약
2026.1.26,글로벌 커머스 앱/웹 구축 프로젝트 PM(황철희),삼자 위임 양면 계약,16800000,119,16800000,120,4000000
2026.1.22,수요자 맞춤 항공 웹 서비스 리디자인,삼자 양면 계약,3100000,22,3100000,23,3150000
2026.1.22,AI 안면인식 및 GPS 기반 스마트 근태/정산 관리 시스템 구축,삼자 양면 계약,85000000,129,85000000,129,85000000
2026.2.25,고객사 데이터(MariaDB)를 자사 솔루션(MySQL)에 마이그레이션,삼자 양면 계약,5000000,64,1500000,37,5000000
2026.1.22,AI 캐릭터 챗봇 앱 UX 설계 및 와이어프레임 제작,삼자 양면 계약,900000,17,900000,18,1000000
2026.1.22,온라인 강의(LMS) 및 커뮤니티 통합 플랫폼 구축,삼자 양면 계약,19000000,64,19000000,65,20000000
2026.1.21,초등 영어 교육 콘텐츠 디자인/2D 모션그래픽/퍼블리싱,삼자 양면 계약,8000000,31,8000000,32,8000000
2026.1.22,B2B 아웃소싱 중개 매칭 플랫폼 구축,삼자 양면 계약,20000000,110,20000000,131,20000000
2026.1.21,React/Next.js 기반 하이브리드 앱 프론트엔드 개발(장도현),삼자 위임 양면 계약,10500000,89,10500000,90,3500000
,제품 주문/렌탈 고객 Portal 및 내부 관리자 개발,양자 계약,55400000,139,55400000,140,300000000
2026.1.19,핸드폰 사용 금지 앱 구축,삼자 양면 계약,12000000,35,12000000,35,12000000
2026.1.19,자동차 렌트 및 리스 상담 문의 접수 웹사이트 구축,삼자 양면 계약,9460000,47,9460000,48,7000000
2026.2.9,스마트 매장 운영 솔루션 UX 기획(신민철),삼자 위임 양면 계약,31800000,180,1471407,9,5500000
2026.1.20,MES 기반 내부 ERP 시스템 및 웹사이트 리뉴얼 기획(오승호),삼자 위임 양면 계약,29999999,180,29999999,181,5000000
2026.1.16,.NET 기반 기능 수정 및 외부 시스템 연동 개발,삼자 양면 계약,700000,6,700000,6,600000
2026.1.21,iOS 멤버십 구독 및 결제 서버 동기화 시스템 구축,삼자 양면 계약,30000000,27,30000000,28,30000000
2026.1.19,일기 쓰기 기반 리워드앱 MVP 개발,삼자 양면 계약,7000000,58,7000000,58,8000000
2026.1.15,건기식 경험 공유 커뮤니티 개발,삼자 양면 계약,8000000,66,8000000,67,8000000
2026.1.29,PHP/MySQL 기반 B2B 쇼핑몰 관리자 페이지 개발 및 운영(정영훈),삼자 위임 양면 계약,32999999,180,32999999,181,5500000
2026.1.19,IoT 기기 데이터 플랫폼 및 제어 모바일앱 구축,삼자 양면 계약,100000000,143,100000000,147,100000000
2026.1.16,ESP32 및 5G 통신 연동 웨어러블 디바이스 하드웨어/펌웨어/SW 통합 구축,삼자 양면 계약,100000000,73,100000000,63,80000000
2026.1.15,기 개발된 웹 내 주얼리 관련 게시판 형태의 커뮤니티 추가 개발,삼자 양면 계약,4000000,42,4000000,43,3000000
2026.1.16,AI 챗봇 기반 강연 섭외 및 운영 자동화 시스템 구축,삼자 양면 계약,34400000,69,34400000,68,30000000
2026.1.15,현장 엔지니어 작업보고서(Job Card) 모바일 앱 및 통합 관리자 시스템 개발,삼자 양면 계약,28400000,69,28400000,70,25000000
2026.1.14,PHP/MySQL 기반 전산 기능 고도화,삼자 양면 계약,800000,5,800000,6,800000
2026.1.20,관리자 설정형 범용 웹 스크래핑 시스템 및 어드민 구축,삼자 양면 계약,9000000,67,9000000,68,8000000
2026.1.20,법무법인 채권 권리분석 업무 자동화 웹 솔루션 구축,삼자 양면 계약,20000000,93,20000000,94,20000000
2026.1.14,Next.js/워드프레스 기반 사이트 구조적 결함 해결 및 SEO 정상화,삼자 양면 계약,1900000,7,900000,8,1000000
2026.1.15,태양광 발전소 모니터링용 RTU 개발,삼자 양면 계약,38000000,113,38000000,114,20000000
2026.1.20,온라인 아트 커미션 거래 플랫폼(MVP) 개발,삼자 양면 계약,25000000,200,25000000,201,20000000
2026.1.14,자기장 효능 안내 및 위치 기반 알림 서비스 구축,삼자 양면 계약,13636364,37,13636364,38,15000000
,뷰티 추천 앱 프로세스 고도화 및 기능 개선,양자 계약,5500000,18,5500000,22,5500000
,XD 기반 통신업 UI/UX 디자인,양자 위임 계약,6800000,30,20400000,90,6500000
2026.2.3,Unity 기반 디지털트윈 클라이언트 시스템 3D 개발(이준진),삼자 위임 양면 계약,7000000,30,7000000,31,7000000
2026.1.14,사주 분석 PDF 자동 생성 및 카카오 알림톡 발송 시스템 개발,삼자 양면 계약,7000000,34,7000000,50,5000000
2026.1.12,스마트 매장 운영 솔루션 UX 기획(소준석),삼자 위임 양면 계약,30600000,180,30600000,181,4000000
2026.1.12,온도 기반 도서 리뷰 플랫폼 구축,삼자 양면 계약,9000000,67,9000000,68,15000000
,AI SaaS 서비스 웹 풀스텍 개발(주3일 근무/재택)(최경락),양자 근로 계약,5000000,59,5000000,59,2500000
2026.1.14,출판사 공모전 통합 접수/심사 플랫폼 구축,삼자 양면 계약,40000000,130,40000000,131,40000000
2026.1.16,우체국 택배 API 연동 웹 기반 운송장 출력 프로그램 개발,삼자 양면 계약,3900000,23,3900000,24,4000000
2026.1.9,서버 제어 및 웹 트리거 기반의 원격 제어 클라이언트/호스트 개발,삼자 양면 계약,18000000,64,18000000,64,12000000
2026.1.13,PHP 기반 세무 프로그램 개발 리드(조용중),삼자 위임 양면 계약,16500000,89,16500000,90,5500000
2026.1.12,MQTT/INFLUXDB/PHP WEB/AOS APP 대시보드 개발,삼자 양면 계약,19000000,64,19000000,65,20000000
2026.1.8,공식 홈페이지 React 기반 웹 퍼블리싱,삼자 양면 계약,2700000,12,2700000,13,2300000
2026.1.8,50만 유튜브 채널 영어단어 암기 모바일앱/백엔드 풀스텍 개발(김원응),삼자 위임 양면 계약,9000000,58,9000000,59,5000000
,Python/Bash 기반 AI 학습데이터 구축(이음),양자 계약,6500000,40,6500000,41,30000000
,프로젝트 컨텍스트 분석 기반 기업용 기술 문서 자동화 솔루션 구축,양자 계약,20000000,46,20000000,47,20000000
2026.1.13,머신러닝/딥러닝 모델링 역량 평가 문항 개발,삼자 양면 계약,3000000,15,3000000,16,5000000
2026.1.8,Next.js 기반 도메인 서비스 프론트엔드 재구축,삼자 양면 계약,35000000,144,35000000,145,30000000
2026.1.29,IoT 열선 원격 제어 및 CCTV 관제 앱 구축,삼자 양면 계약,15000000,87,18000000,88,20000000
2026.1.7,ChatGPT API 연동 기반 AI 서비스 MVP 개발 (핵심 기능 1~2개),삼자 양면 계약,2800000,31,2800000,32,1500000
2026.1.7,GPS 연동 및 자연어 검색이 가능한 오프라인 매장 찾기 기능 구현,삼자 양면 계약,3300000,17,3300000,18,15000000
,React 기반 쇼핑몰 웹 서비스 리뉴얼 프론트엔드 개발,양자 위임 계약,40916129,176,40916129,177,7000000
2026.1.6,솔루션 기반 소프트웨어 판매 스타트업 홈페이지 구축,삼자 양면 계약,2000000,22,2000000,23,1800000
2026.1.6,스포츠 판독용 고화질 영상 기록 및 구간 계측 솔루션 개발,삼자 양면 계약,27000000,34,27000000,35,35000000
2026.1.9,피트니스 전문가 매칭 및 예약 결제 플랫폼 구축,삼자 양면 계약,33000000,129,33000000,130,30000000
2026.1.5,고정밀 MEMS 센서 기반 데이터 수집 및 장거리(RS-485) 전송 시스템 개발,삼자 양면 계약,15000000,76,15000000,77,15000000
2026.1.6,OpenAI Realtime API 기반 웹 STT 음성 인식 개선,삼자 양면 계약,5400000,14,5400000,10,5000000
2026.1.5,수집형 아이템 랜덤 박스 및 C2C 거래 모바일 앱 구축,삼자 양면 계약,40600000,71,40600000,70,40000000
2026.1.5,PDF 문서 유형 자동 분류 및 JSON 기반 정형 데이터 추출 모듈 개발,삼자 양면 계약,2000000,7,2000000,8,2000000
2026.1.9,행사 기획 브랜드 홈페이지 구축,삼자 양면 계약,3000000,32,3000000,33,3000000
2026.1.12,인쇄물 자동 견적 및 온라인 주문 플랫폼 구축,삼자 양면 계약,43926400,107,43926400,108,50000000
2026.1.2,퍼널형 평가 및 결제 웹 서비스 개발,삼자 양면 계약,8000000,37,8000000,38,8000000
,온디바이스 LLM/RAG 챗봇 서비스 AI 파인튜닝,삼자 양면 계약,18000000,110,18000000,111,6500000
,Java/Spring Boot 기반 판매/물류/회계 시스템 백엔드 개발(이원규),삼자 위임 양면 계약,14032258,54,26612895,106,7500000
,모바일/웹 기반 학원시스템 QA (임지영),양자 위임 계약,10500000,89,2709677,24,3500000
,Linux/Docker 기반 AI 모델 트레이닝(유치준),양자 계약,6500000,35,8840000,72,30000000
,AI·ML/Scientific Computing 기반 데이터 구축 프로젝트(신광현),양자 계약,6500000,35,7220000,72,30000000
2026.2.4,NXP i.MX 8M Mini 기반 LED 전광판 제어 시스템 개발,삼자 양면 계약,20000000,70,10000000,45,15000000
,Python/Bash 기반 AI 학습데이터 구축(리프링크 주식회사),양자 계약,6500000,52,3250000,53,30000000
2026.2.5,콘텐츠 제작비 손익 분석 및 파트너 정산 자동화 시스템 구축,삼자 양면 계약,10600000,40,10600000,40,43000000
2026.2.27,건설업 특화 B2B 자재 조달 관리 SaaS 플랫폼 구축,삼자 양면 계약,47846400,133,56851200,140,50000000
2026.2.23,Java/Spring Boot 기반 판매/물류/회계 시스템 백엔드 개발(김민욱),삼자 위임 양면 계약,14032258,54,28790310,116,7500000
,채용공고 키 비주얼 및 상세 페이지 작업,삼자 양면 계약,900000,19,900000,20,1000000
2026.2.2,Python 기반 챗봇 에이전트 개발 및 대시보드 API 연동(최경락),삼자 위임 양면 계약,9870967,49,11419354,59,7000000
2026.2.9,Unity 기반 런타임 3D 에디팅 협업 플랫폼 개발,삼자 양면 계약,33000000,72,33000000,73,35000000
,학생 상담센터 자가진단 앱 개발,양자 계약,7272728,37,7272728,37,2727273
2026.1.30,Java/Next.js 기반 현대자동차 그룹사 사내 시스템 풀스택 개발(김석경),삼자 위임 양면 계약,16500000,91,34500000,181,5500000
2026.2.24,Python 기반 데이터 수집 및 보고서 자동화 시스템 구축(박광태),삼자 위임 양면 계약,12000000,89,16000000,121,3500000
2026.1.19,헬스케어/메디컬 서비스 기획 및 UI/UX 기획(공희진),삼자 위임 양면 계약,34200000,181,3520588,21,6000000
,P0003929_1_FAIX강대은LDTI결산시스템구축_에이스손보(이미정),삼자 위임 양면 계약,26000000,57,37500000,92,독립 계약
2026.3.4,TCG 공식 이벤트 참여 및 커뮤니티 앱 개발,삼자 양면 계약,40000000,135,40000000,135,40000000
,SK 하이닉스 XD 기반 AI 플랫폼 웹디자인,양자 위임 계약,6200000,30,26288000,128,6200000
,Python 백앤드 AI 플랫폼 로그처리 개발,양자 위임 계약,15000000,61,30000000,121,8000000
2026.2.6,외부 고객사 맞춤형 쇼핑몰 UI/UX 디자인,삼자 양면 계약,4000000,66,4000000,105,6000000
2026.3.10,그누보드 기반 신규 커뮤니티 사이트 구축,삼자 양면 계약,18000000,197,21000000,198,18000000
,SK 하이닉스 Python 기반 AI플랫폼 백엔드 개발,양자 위임 계약,12300000,49,19800000,81,8000000
2026.2.5,React 기반 헬스케어 서비스 프론트엔드 개발 (재택근무 조율 가능) (임다래),삼자 위임 양면 계약,15190475,91,29913978,181,5000000
,SK 하이닉스 내부 솔루션 React 프론트엔드 개발,양자 위임 계약,14550000,58,22050000,90,7500000
,SK 하이닉스 내부 솔루션 React 프론트엔드 개발,양자 위임 계약,10670000,58,16170000,90,7500000
2026.2.5,레거시 iOS 앱 현대화 및 안정화,삼자 양면 계약,10000000,53,5660000,27,9500000
,"기 운영 중인 Flutter/Node.js 기반 중개 플랫폼 기능 추가 및 개선, 오류 수정",양자 계약,5000000,150,11000000,335,12000000
,Power BI 기반 데이터 시각화 PoC 구축,삼자 양면 계약,17000000,52,17000000,53,19000000
,Python/FastAPI 백엔드 개발,양자 위임 계약,5500000,30,25315816,123,5000000
2026.2.6,Windows 네이티브 BLE 연동 모듈 개발(추연학),삼자 위임 양면 계약,15950000,88,21450000,117,6500000
2026.1.27,AI 기반 SI 프로젝트 리딩 개발 PM(조용규),삼자 위임 양면 계약,28500000,91,64500000,151,9500000
,AI 플랫폼 백엔드 Python 개발,양자 위임 계약,10670000,58,16170000,90,7500000
,Python 백앤드 LLM AI agent 개발,양자 위임 계약,15466666,58,23520000,90,8000000
2026.1.9,공공기관 모니터링 솔루션 공급 및 구축 BE 개발 (이창섭),삼자 위임 양면 계약,19499999,91,11657608,55,6500000
,Vue 또는 React 기반 포탈/데이터 시각화 프런트 개발,양자 위임 계약,22354837,98,22354837,98,7000000
2026.2.4,nRF 기반 의료기기 펌웨어 개발(정용환),삼자 위임 양면 계약,22050000,91,44100000,181,7000000
,홈택스 연동 세무관리 플랫폼 개발,삼자 양면 계약,25000000,99,25000000,103,40000000
,Three.js/React 기반 공장 창고 3D 웹 프론트엔드 개발,양자 근로 계약,30000000,150,30000000,182,5000000
,사내 인트라넷 웹 운영 및 유지보수_2차 연장 계약,삼자 계약,15000000,182,15000000,182,24000000
2026.2.26,교육/언론 플랫폼 내 해외 결제 추가 기획/프런트 개발/QA,삼자 양면 계약,8000000,55,10000000,200,5000000
,AI 플랫폼 백엔드 Python 개발,양자 위임 계약,24750000,100,32250000,132,7500000
,하이닉스 AI 플랫폼 시스템 개발,양자 위임 계약,29700000,100,38700000,132,8000000
2026.1.8,의료장비 PC 프로그램 UI/UX 디자인(김수민),삼자 위임 양면 계약,12000000,90,16000000,122,4000000
2026.3.10,Spring Boot 기반 의료 서비스 백엔드 개발(심성민),삼자 위임 양면 계약,19366666,83,54366666,235,7000000
2026.2.11,포토 키오스크 SW 및 관리자페이지 개발,삼자 양면 계약,37000000,130,39800000,145,37000000
2026.2.3,문화 체험 콘텐츠 티켓 중개/관리 플랫폼 구축,삼자 양면 계약,52000000,152,52000000,194,60000000
2026.1.30,WiFi 지원 5G 라우터 Firmware 개발,삼자 양면 계약,30000000,106,9000000,33,7000000
,SK 하이닉스 빅데이터 플랫폼 JAVA 개발,양자 위임 계약,38480000,146,42840000,163,8000000
2026.1.22,Java/Spring Boot 기반 글로벌 서비스 백엔드 개발(황인우),삼자 위임 양면 계약,10500000,91,22206521,193,5000000
,B2B 거래처 전용 폐쇄몰 구축 (솔루션 이용 가능),삼자 양면 계약,10000000,67,10000000,76,10000000
2026.2.3,포인트를 활용한 결제(Pay)앱 기획 및 개발,삼자 양면 계약,50000000,81,35000000,49,60000000
2026.2.4,L통신사 IVR(ARS) 고도화 프로젝트 PM 구인(최용우),삼자 위임 양면 계약,48000000,183,56000000,215,8000000
2026.1.7,비전 AI 불량품 검사 프로그램 개발,삼자 양면 계약,12000000,44,0,0,15000000
2026.2.10,Dallas 프로젝트 개발(배창현),삼자 위임 양면 계약,16285710,91,40237890,227,5428570
2026.2.23,판매/물류/회계 시스템 백엔드 Java/Spring Boot 개발(강등웅),삼자 위임 양면 계약,42000000,183,70000000,304,8500000
2026.2.23,판매/물류/회계 시스템 백엔드 Java/Spring Boot 개발(양호성),삼자 위임 양면 계약,33000000,183,55000000,304,8500000
2026.2.27,판매/물류/회계 시스템 백엔드 Java/Spring Boot 개발(김도연),삼자 위임 양면 계약,50856666,212,84550000,350,8500000
,판매/물류/회계 시스템 백엔드 Java/Spring Boot 개발(안병민),삼자 위임 양면 계약,38316666,212,52250000,289,8500000
,생체신호 데이터 파이프라인 및 API 개발,삼자 양면 계약,8000000,39,15000000,87,8000000
2026.2.10,Node.js/React 기반 IT 자산관리 고도화 풀스택 개발(송재천),삼자 위임 양면 계약,16500000,91,46092391,257,6500000
,코딩 데이터 가공 및 품질 검수 업무 (김민지),삼자 위임 양면 계약,3000000,29,2127000,244,3000000
2026.1.7,트레이딩 카드 오픈마켓 플랫폼 구축,삼자 양면 계약,60000000,189,60000000,206,60000000
2026.1.14,AI식단기록/상품추천/리워드 모바일앱 구축,삼자 양면 계약,40000000,69,29208000,205,70000000
2026.1.8,물리 com port 공유 프로그램 개발,삼자 양면 계약,8000000,30,1600000,3,5000000
2026.3.9,Flutter 기반 앱서비스 QA (주 10시간 재택근무)(홍상의),삼자 위임 양면 계약,1000000,58,9400000,607,1000000
,"렌즈 가상 착용 및 구매, 픽업 서비스 앱 개발",삼자 양면 계약,65000000,147,65000000,148,70000000
2026.1.26,HiNAS Cloud 기능 개발 및 운영,삼자 위임 양면 계약,18000000,91,126000000,639,6000000
,교육플랫폼 반응형웹 유지보수 풀스택 개발(재택/주 10시간 근무)(김융이),삼자 위임 양면 계약,24000000,364,44000000,669,1500000
,여행 및 숙박 플랫폼 반응형 웹 디자인/개발,삼자 계약,44200000,195,35000000,926,45000000