모집 시작일,프로젝트 명,모집 마감일,직군,레벨,경력,예상 금액,월 금액,예상 기간,구인 유형,구인 배경,프로젝트 산업 분야,근무 지역,근무 시간
2026.3.12,Websquare 기반 캐피탈 시스템 개발,2026.3.26,모바일 앱 개발자,시니어,4~10년 차,79083333.33333333333333333335,6500000,365,발주처에게서 수주한 프로젝트에 필요한 인력을 구인합니다.,기존 팀에 작업자를 추가 증원하려 합니다.,IT•정보통신업,서울특별시 영등포구 여의도,오전 9시 ~ 오후 6시
2026.3.12,Java/Spring 기반 사내 시스템 백엔드 개발,2026.3.26,백엔드 개발자,미드 레벨,4~7년 차,30000000.00000000000000000001,5000000,180,사내 프로젝트에 필요한 인력을 구인합니다.,신규 프로젝트에 필요한 작업자를 구인하고 있습니다.,IT•정보통신업,서울특별시 영등포구 에이스하이테크시티,오전 9시 ~ 오후 6시
2026.3.12,NestJS 기반 해운비지니스 eCommerce 시스템 백엔드 개발,2026.3.26,백엔드 개발자,시니어,5~20년 차,45000000,7500000,180,사내 프로젝트에 필요한 인력을 구인합니다.,신규 프로젝트에 필요한 작업자를 구인하고 있습니다.,IT•정보통신업,"서울특별시 서초구 강남대로 465, 교보생명빌딩 B동 24층",오전 9시 ~ 오후 6시
2026.3.12,Next.js 기반 해운비즈니스 eCommerce 프론트엔드 개발,2026.3.26,프론트엔드 개발자,시니어,5~20년 차,45000000,7500000,180,사내 프로젝트에 필요한 인력을 구인합니다.,기존 팀에 작업자를 추가 증원하려 합니다.,IT•정보통신업,"서울특별시 서초구 강남대로 465, 교보생명빌딩 B동 24층",오전 9시 ~ 오후 6시
2026.3.12,플랫폼 UI/UX 화면 설계 및 시스템 로직 기획,2026.3.26,서비스 기획자,시니어,7~15년 차,13000000.00000000000000000000,6500000,60,사내 프로젝트에 필요한 인력을 구인합니다.,신규 프로젝트에 필요한 작업자를 구인하고 있습니다.,IT•정보통신업,서울특별시 금천구 가산디지털2로 173 에이스비즈포레 619호,오전 9시 ~ 오후 6시
2026.3.12,AI 기반 CRM 상담 웹 서비스 기획,2026.3.26,서비스 기획자,미드 레벨,3~7년 차,12900000.00000000000000000000,4300000,90,사내 프로젝트에 필요한 인력을 구인합니다.,신규 프로젝트에 필요한 작업자를 구인하고 있습니다.,서비스업,서울특별시 영등포구 여의도 오투타워,오전 10시 ~ 오후 7시
2026.3.12,Web 기반 AI 법률 상담서비스 풀스택 개발,2026.3.26,풀스택 개발자,주니어,1~3년 차,6000000,3000000,60,사내 프로젝트에 필요한 인력을 구인합니다.,신규 프로젝트에 필요한 작업자를 구인하고 있습니다.,,인천광역시 부평구 한라비발디 오피스텔,오전 9시 ~ 오후 6시
2026.3.12,AI 기반 상담 및 CRM 통합 서비스 UI/UX 디자인,2026.3.26,UI/UX 디자이너,미드 레벨,4~5년 차,7399999.999999999999999999998,3700000,60,사내 프로젝트에 필요한 인력을 구인합니다.,기존 팀에 작업자를 추가 증원하려 합니다.,IT•정보통신업,서울특별시 영등포구 여의도 오투타워,오전 10시 ~ 오후 7시
2026.3.11,SIEM 기반 로그 분석 및 침해사고 보안 엔지니어,2026.3.25,클라우드 보안 엔지니어,시니어,10년 차 이상,62999999.99999999999999999999,7000000,270,발주처에게서 수주한 프로젝트에 필요한 인력을 구인합니다.,신규 프로젝트에 필요한 작업자를 구인하고 있습니다.,IT•정보통신업,경기도 성남시 분당구 정자동,오전 9시 ~ 오후 6시
2026.3.11,Spring 기반 쇼핑몰 CAFE24 API 연동 백엔드 개발,2026.3.25,백엔드 개발자,미드 레벨,5~7년 차,11000000.00000000000000000000,5500000,60,발주처에게서 수주한 프로젝트에 필요한 인력을 구인합니다.,기존 팀에 작업자를 추가 증원하려 합니다.,판매•유통업,서울특별시 성동구 아차산로 17,오전 10시 ~ 오후 7시
2026.3.11,Swift 기반 EV 충전 서비스 통합 CPO B2C iOS 앱 개발,2026.3.25,iOS 개발자,미드 레벨,4~7년 차,30000000.00000000000000000001,5000000,180,발주처에게서 수주한 프로젝트에 필요한 인력을 구인합니다.,기존 팀에 작업자를 추가 증원하려 합니다.,IT•정보통신업,서울특별시 종로구 율곡로 75 현대사옥,오전 9시 ~ 오후 6시
2026.3.11,공공기관 프로젝트 사업 기획 (재택근무 조율 가능) ,2026.3.25,서비스 기획자,시니어,8~10년 차,5499999.999999999999999999999,5500000,30,사내 프로젝트에 필요한 인력을 구인합니다.,신규 프로젝트에 필요한 작업자를 구인하고 있습니다.,IT•정보통신업,"경기도 용인시 수지구 포은대로59번길37, 시그니처광교1차 610호",오전 9시 ~ 오후 6시
2026.3.11,Spring 기반 SaaS 솔루션 연동 백엔드 개발,2026.3.25,백엔드 개발자,미드 레벨,4~7년 차,24000000,6000000,120,발주처에게서 수주한 프로젝트에 필요한 인력을 구인합니다.,기존 팀에 작업자를 추가 증원하려 합니다.,IT•정보통신업,서울특별시 강남구 봉은사역 근처,오전 9시 ~ 오후 6시
2026.3.11,D2C 대형가전 플랫폼 서비스 기획자(주문클레임 파트),2026.3.25,서비스 기획자,미드 레벨,3~15년 차,0,0,180,발주처에게서 수주한 프로젝트에 필요한 인력을 구인합니다.,기존 팀에 작업자를 추가 증원하려 합니다.,,서울특별시 영등포구 여의도 트윈타워,오전 9시 ~ 오후 6시
2026.3.11,AI/LLM 연계 문항 추출/생성 엔진 개발,2026.3.25,백엔드 개발자,미드 레벨,4~7년 차,55999999.99999999999999999999,7000000,240,사내 프로젝트에 필요한 인력을 구인합니다.,신규 프로젝트에 필요한 작업자를 구인하고 있습니다.,교육업,서울특별시 서초구 남부순환로 2547(서초동 1354-3),오전 9시 ~ 오후 6시
2026.3.11,React/MSSQL 기반 웹 개발,2026.3.25,풀스택 개발자,테크 리드,11년 차 이상,24000000.00000000000000000000,8000000,90,발주처에게서 수주한 프로젝트에 필요한 인력을 구인합니다.,신규 프로젝트에 필요한 작업자를 구인하고 있습니다.,IT•정보통신업,경상남도 창원시 성산구 정동로 162번길 40,오전 8시 ~ 오후 5시
2026.3.11,Vue.js 기반 증권 홈페이지 퍼블리싱,2026.3.25,퍼블리셔,미드 레벨,4~9년 차,15000000.00000000000000000000,5000000,90,발주처에게서 수주한 프로젝트에 필요한 인력을 구인합니다.,기존 팀에 작업자를 추가 증원하려 합니다.,금융•은행업,서울특별시 마포구,오전 9시 ~ 오후 6시
2026.3.11,건강관리 앱 Spring Boot 백엔드 개발,2026.3.24,백엔드 개발자,미드 레벨,8~10년 차,36000000,6000000,180,발주처에게서 수주한 프로젝트에 필요한 인력을 구인합니다.,결원이 발생하여 작업자를 구인하고 있습니다.,의료•제약업,서울특별시 종로구 대학로57,오전 9시 ~ 오후 6시
2026.3.10,멀티모달 비전 AI·OCR 파이프라인 개발  (재택근무 협의),2026.3.24,AI/ML/Data 엔지니어,시니어,경력 무관,6999999.999999999999999999999,7000000,30,발주처에게서 수주한 프로젝트에 필요한 인력을 구인합니다.,기존 팀에 작업자를 추가 증원하려 합니다.,IT•정보통신업,서울특별시 강남구 교대역오피스,주 40시간 탄력근무(자율 출퇴근)
2026.3.10,React/Java 프런트엔드 개발(Lead),2026.3.24,프론트엔드 개발자,미드 레벨,6~9년 차,32999999.99999999999999999999,5500000,180,발주처에게서 수주한 프로젝트에 필요한 인력을 구인합니다.,기존 팀에 작업자를 추가 증원하려 합니다.,의료•제약업,서울특별시 종로구 대학로 57,오전 9시 ~ 오후 6시
2026.3.10,Flutter 기반 헬스케어 앱 개발(재택 협의 가능),2026.3.24,모바일 앱 개발자,미드 레벨,5~10년 차,30000000.00000000000000000000,10000000,90,사내 프로젝트에 필요한 인력을 구인합니다.,신규 프로젝트에 필요한 작업자를 구인하고 있습니다.,의료•제약업,서울특별시 강남구 양재역 근처 도보 5분 거리,오전 9시 ~ 오후 6시
2026.3.10,Kotlin기반 Android 치료기기 연동 앱 개발,2026.3.24,모바일 앱 개발자,시니어,3~5년 차,9000000,4500000,60,사내 프로젝트에 필요한 인력을 구인합니다.,기존 팀에 작업자를 추가 증원하려 합니다.,IT•정보통신업,서울특별시 구로구 디지털로30길 28 609호,오전 9시 ~ 오후 6시
2026.3.10,ERP 기반 유통업체 시스템 기획 PL,2026.3.24,UI/UX 기획자,시니어,8~10년 차,24000000,6000000,120,발주처에게서 수주한 프로젝트에 필요한 인력을 구인합니다.,신규 프로젝트에 필요한 작업자를 구인하고 있습니다.,판매•유통업,서울특별시 강남구 논현동,오전 9시 ~ 오후 6시
2026.3.10,Laravel/Inertia.js 기반 쇼핑몰 풀스택 개발,2026.3.24,풀스택 개발자,미드 레벨,3~5년 차,23999999.99999999999999999999,4000000,180,사내 프로젝트에 필요한 인력을 구인합니다.,결원이 발생하여 작업자를 구인하고 있습니다.,IT•정보통신업,서울특별시 마포구 성암로 330 DMC첨단산업센터 801호,오전 9시 ~ 오후 6시
2026.3.10,멀티체인 정산 프로토콜 구축 CTO(주 20시간/재택),2026.3.24,CTO,디렉터,경력 무관,72000000,6000000,360,사내 프로젝트에 필요한 인력을 구인합니다.,신규 프로젝트에 필요한 작업자를 구인하고 있습니다.,IT•정보통신업,,주 20시간 탄력근무(자율 출퇴근)
2026.3.10,미래에셋생명 챗봇 고도화 풀스택 개발,2026.3.24,풀스택 개발자,미드 레벨,6~9년 차,57000000,6000000,285,발주처에게서 수주한 프로젝트에 필요한 인력을 구인합니다.,신규 프로젝트에 필요한 작업자를 구인하고 있습니다.,금융•은행업,서울특별시 영등포구 여의도,오전 9시 ~ 오후 6시
2026.3.10,ERP DevOps UI/UX 디자인 고도화 (재택근무),2026.3.24,UI/UX 디자이너,미드 레벨,4~7년 차,9000000,3000000,90,사내 프로젝트에 필요한 인력을 구인합니다.,신규 프로젝트에 필요한 작업자를 구인하고 있습니다.,IT•정보통신업,,오전 10시 ~ 오후 4시
2026.3.11, C++/C# 기반 이송장치 영상분류 시스템 개발,2026.3.25,풀스택 개발자,미드 레벨,4~7년 차,10000000.00000000000000000000,5000000,60,사내 프로젝트에 필요한 인력을 구인합니다.,결원이 발생하여 작업자를 구인하고 있습니다.,제조•생산•화학업,경기도 용인시 처인구 미팅 시 공유,오전 9시 ~ 오후 6시
2026.3.9,식품업 온라인 쇼핑몰 서비스 기획 및 운영 (재택근무),2026.3.23,서비스 기획자,미드 레벨,4~7년 차,7999999.999999999999999999998,4000000,60,사내 프로젝트에 필요한 인력을 구인합니다.,신규 프로젝트에 필요한 작업자를 구인하고 있습니다.,판매•유통업,경기도 김포시,오전 9시 ~ 오후 6시
2026.3.9,Nexacro/Java기반 학사/입시/행정시스템 유지보수 개발,2026.3.23,풀스택 개발자,미드 레벨,3~5년 차,55000000.00000000000000000001,5000000,330,사내 프로젝트에 필요한 인력을 구인합니다.,신규 프로젝트에 필요한 작업자를 구인하고 있습니다.,교육업,경상북도 문경시 미팅 시 공유,오전 9시 ~ 오후 6시
2026.3.9,윈도우 POS 운영지원 및 신규 기능 개발 (재택근무 조율) ,2026.3.10,풀스택 개발자,미드 레벨,4~6년 차,30000000.00000000000000000001,5000000,180,사내 프로젝트에 필요한 인력을 구인합니다.,결원이 발생하여 작업자를 구인하고 있습니다.,IT•정보통신업,"서울특별시 성동구 성수일로 89 (성수동1가, Metamorpho(지식산업센터)) 901호",오전 10시 ~ 오후 7시
2026.3.9,"Java기반 AI Chat 앱	백엔드 개발",2026.3.23,백엔드 개발자,시니어,8~10년 차,0,0,90,발주처에게서 수주한 프로젝트에 필요한 인력을 구인합니다.,신규 프로젝트에 필요한 작업자를 구인하고 있습니다.,IT•정보통신업,서울특별시 강남구 강남구청역,오전 9시 ~ 오후 6시
2026.3.9,React기반 AI Chat 앱 어드민 개발,2026.3.23,프론트엔드 개발자,미드 레벨,4~7년 차,0,0,90,발주처에게서 수주한 프로젝트에 필요한 인력을 구인합니다.,신규 프로젝트에 필요한 작업자를 구인하고 있습니다.,IT•정보통신업,서울특별시 강남구 강남구청역,오전 9시 ~ 오후 6시
2026.3.9,Three.js/Babylon.js 기반 3D 웹 서비스 개발,2026.3.23,프론트엔드 개발자,미드 레벨,3년 차 이상,62999999.99999999999999999999,7000000,270,발주처에게서 수주한 프로젝트에 필요한 인력을 구인합니다.,기존 팀에 작업자를 추가 증원하려 합니다.,IT•정보통신업,경기도 성남시 수정구 경기기업성장센터 (제2판교테크노밸리),오전 9시 ~ 오후 6시
2026.3.9,React기반 AI Chat 앱 프론트엔드 개발,2026.3.23,프론트엔드 개발자,시니어,8~10년 차,0,0,90,발주처에게서 수주한 프로젝트에 필요한 인력을 구인합니다.,신규 프로젝트에 필요한 작업자를 구인하고 있습니다.,IT•정보통신업,서울특별시 강남구 강남구청역,오전 9시 ~ 오후 6시
2026.3.9,통신사 AI Chat DevOps 개발,2026.3.23,DevOps 엔지니어,미드 레벨,4~7년 차,0,0,90,발주처에게서 수주한 프로젝트에 필요한 인력을 구인합니다.,신규 프로젝트에 필요한 작업자를 구인하고 있습니다.,IT•정보통신업,서울특별시 강남구 강남구청역,오전 9시 ~ 오후 6시
2026.3.10,통신사 AI Chat 아키텍쳐 설계(TA),2026.3.23,TA (테크니컬 아키텍트),시니어,8~10년 차,0,0,90,발주처에게서 수주한 프로젝트에 필요한 인력을 구인합니다.,신규 프로젝트에 필요한 작업자를 구인하고 있습니다.,IT•정보통신업,서울특별시 강남구 강남구청역,오전 9시 ~ 오후 6시
2026.3.9,보안시스템 운영 및 사용자 지원,2026.3.23,클라우드 보안 엔지니어,미드 레벨,4~7년 차,0,0,690,발주처에게서 수주한 프로젝트에 필요한 인력을 구인합니다.,신규 프로젝트에 필요한 작업자를 구인하고 있습니다.,서비스업,서울특별시 송파구 잠실,오전 9시 ~ 오후 6시
2026.3.9,증권사 MTS 응대 및 원격 지원,2026.3.23,풀스택 개발자,미드 레벨,4~7년 차,0,0,180,발주처에게서 수주한 프로젝트에 필요한 인력을 구인합니다.,신규 프로젝트에 필요한 작업자를 구인하고 있습니다.,금융•은행업,서울특별시 마포구 공덕역 재화스퀘어,오전 9시 ~ 오후 6시
2026.3.9,증권사 MTS 화면 개발,2026.3.23,풀스택 개발자,미드 레벨,4~7년 차,0,0,180,발주처에게서 수주한 프로젝트에 필요한 인력을 구인합니다.,신규 프로젝트에 필요한 작업자를 구인하고 있습니다.,금융•은행업,서울특별시 마포구 공덕역 또는 마포역,오전 8시 ~ 오후 5시 30분
2026.3.9,증권사 MTS 화면 개발,2026.3.23,프론트엔드 개발자,미드 레벨,4~7년 차,0,0,180,발주처에게서 수주한 프로젝트에 필요한 인력을 구인합니다.,신규 프로젝트에 필요한 작업자를 구인하고 있습니다.,금융•은행업,서울특별시 마포구 공덕역 재화스퀘어,오전 9시 ~ 오후 6시
2026.3.9,증권사 웹 설계 및 풀스택 개발,2026.3.23,풀스택 개발자,미드 레벨,4~7년 차,0,0,180,발주처에게서 수주한 프로젝트에 필요한 인력을 구인합니다.,신규 프로젝트에 필요한 작업자를 구인하고 있습니다.,금융•은행업,서울특별시 마포구 공덕역 재화스퀘어,오전 8시 ~ 오후 5시 30분
2026.3.9,증권사 홈페이지 운영 및 개발,2026.3.23,풀스택 개발자,미드 레벨,4~7년 차,0,0,180,발주처에게서 수주한 프로젝트에 필요한 인력을 구인합니다.,신규 프로젝트에 필요한 작업자를 구인하고 있습니다.,금융•은행업,서울특별시 마포구 공덕역 재화스퀘어,오전 8시 ~ 오후 5시 30분
2026.3.9,외환업무 시스템 분석 및 설계,2026.3.23,PL (프로젝트 리더),시니어,8~10년 차,0,0,180,발주처에게서 수주한 프로젝트에 필요한 인력을 구인합니다.,신규 프로젝트에 필요한 작업자를 구인하고 있습니다.,금융•은행업,서울특별시 마포구 상암동,오전 9시 ~ 오후 6시
2026.3.9,AWS기반 아키텍처 설계 FinOps/Billing Architect,2026.3.23,클라우드 아키텍트,시니어,6~15년 차,60000000,7500000,240,발주처에게서 수주한 프로젝트에 필요한 인력을 구인합니다.,신규 프로젝트에 필요한 작업자를 구인하고 있습니다.,IT•정보통신업,서울특별시 성동구 연무장 5길 9-16,오전 9시 ~ 오후 6시
2026.3.9,구매·정산·지급 시스템 개발,2026.3.23,데이터 엔지니어,시니어,8~10년 차,0,0,120,발주처에게서 수주한 프로젝트에 필요한 인력을 구인합니다.,신규 프로젝트에 필요한 작업자를 구인하고 있습니다.,IT•정보통신업,서울특별시 강서구 발산역,오전 9시 ~ 오후 6시
2026.3.9,통신사(K) AI Chat 앱 웹디자인,2026.3.23,UI/UX 디자이너,미드 레벨,4~7년 차,13500000,4500000,90,발주처에게서 수주한 프로젝트에 필요한 인력을 구인합니다.,신규 프로젝트에 필요한 작업자를 구인하고 있습니다.,IT•정보통신업,서울특별시 강남구 강남구청역,오전 9시 ~ 오후 6시
2026.3.9,마트앱 AI 관련 클라우드 이관,2026.3.23,AI/ML/Data 엔지니어,미드 레벨,4~7년 차,0,0,30,발주처에게서 수주한 프로젝트에 필요한 인력을 구인합니다.,신규 프로젝트에 필요한 작업자를 구인하고 있습니다.,판매•유통업,서울특별시 송파구 잠실역 인근,오전 9시 ~ 오후 6시
2026.3.9,통신사 비바체 시스템 SM,2026.3.23,풀스택 개발자,미드 레벨,4~7년 차,0,0,360,발주처에게서 수주한 프로젝트에 필요한 인력을 구인합니다.,신규 프로젝트에 필요한 작업자를 구인하고 있습니다.,IT•정보통신업,경기도 성남시 분당구 분당 정자,오전 9시 ~ 오후 6시
2026.3.9,AI 기반 도면 검색 시스템 기획(PM),2026.3.23,PM (프로덕트 매니저),시니어,8~10년 차,36000000,9000000,120,발주처에게서 수주한 프로젝트에 필요한 인력을 구인합니다.,신규 프로젝트에 필요한 작업자를 구인하고 있습니다.,건설업,서울특별시 강남구 역삼역,오전 9시 ~ 오후 6시
2026.3.9,통신사 HR시스템 유지보수/운영,2026.3.23,풀스택 개발자,미드 레벨,4~7년 차,0,0,360,발주처에게서 수주한 프로젝트에 필요한 인력을 구인합니다.,신규 프로젝트에 필요한 작업자를 구인하고 있습니다.,IT•정보통신업,서울특별시 강남구 강남구청역,오전 9시 ~ 오후 6시
2026.3.9,화재보험사 SCP 이관 프로젝트 TA,2026.3.23,TA (테크니컬 아키텍트),미드 레벨,4~10년 차,0,0,270,발주처에게서 수주한 프로젝트에 필요한 인력을 구인합니다.,신규 프로젝트에 필요한 작업자를 구인하고 있습니다.,금융•은행업,서울특별시 영등포구 당산,오전 9시 ~ 오후 6시
2026.3.9,증권거래소 관련 시스템 QA(테스트),2026.3.23,QA 엔지니어,미드 레벨,4~7년 차,0,0,60,발주처에게서 수주한 프로젝트에 필요한 인력을 구인합니다.,신규 프로젝트에 필요한 작업자를 구인하고 있습니다.,금융•은행업,서울특별시 영등포구 여의도역,오전 9시 ~ 오후 6시
2026.3.9,이커머스 디지털존 운영 개발,2026.3.23,프론트엔드 개발자,"주니어,미드 레벨","1~3년 차,4~7년 차",0,0,360,발주처에게서 수주한 프로젝트에 필요한 인력을 구인합니다.,신규 프로젝트에 필요한 작업자를 구인하고 있습니다.,IT•정보통신업,서울특별시 강남구 선릉역 인근,오전 9시 ~ 오후 6시
2026.3.9,정보시스템 유지보수(엠로F/W 사용),2026.3.23,풀스택 개발자,시니어,8~15년 차,0,0,360,발주처에게서 수주한 프로젝트에 필요한 인력을 구인합니다.,신규 프로젝트에 필요한 작업자를 구인하고 있습니다.,제조•생산•화학업,서울특별시 영등포구 당산역 인근,오전 9시 ~ 오후 6시
2026.3.9,바이오 기업 매뉴얼 문서 작성 및 디자인,2026.3.23,편집 디자이너,미드 레벨,경력 무관,0,0,150,발주처에게서 수주한 프로젝트에 필요한 인력을 구인합니다.,신규 프로젝트에 필요한 작업자를 구인하고 있습니다.,의료•제약업,서울특별시 송파구 잠실역 인근,오전 9시 ~ 오후 6시
2026.3.9,투자증권 프로젝트 PM(현장관리자),2026.3.23,PM (프로젝트 매니저),시니어,8~10년 차,0,0,120,발주처에게서 수주한 프로젝트에 필요한 인력을 구인합니다.,신규 프로젝트에 필요한 작업자를 구인하고 있습니다.,금융•은행업,서울특별시 영등포구 여의도역,오전 9시 ~ 오후 6시
2026.3.9,은행 공통 기능 개발 및 시스템 모니터링/유지보수 기능 개발,2026.3.23,풀스택 개발자,시니어,8~20년 차,0,0,360,발주처에게서 수주한 프로젝트에 필요한 인력을 구인합니다.,신규 프로젝트에 필요한 작업자를 구인하고 있습니다.,금융•은행업,서울특별시 강서구 강서구청사거리,오전 9시 ~ 오후 6시
2026.3.9,은행 CBDC 업무 개발,2026.3.23,풀스택 개발자,시니어,8~10년 차,85200000.00000000000000000001,7100000,360,발주처에게서 수주한 프로젝트에 필요한 인력을 구인합니다.,신규 프로젝트에 필요한 작업자를 구인하고 있습니다.,금융•은행업,서울특별시 종로구 을지로 세종대로 근처,오전 9시 ~ 오후 6시
2026.3.9,데이터 전처리 담당 DE 개발,2026.3.23,데이터 엔지니어,미드 레벨,경력 무관,0,0,360,발주처에게서 수주한 프로젝트에 필요한 인력을 구인합니다.,신규 프로젝트에 필요한 작업자를 구인하고 있습니다.,제조•생산•화학업,서울특별시 강서구 마곡나루,오전 9시 ~ 오후 6시
2026.3.9,DEP 개발(Java/SpringBoot/React),2026.3.23,풀스택 개발자,미드 레벨,4~7년 차,0,0,60,발주처에게서 수주한 프로젝트에 필요한 인력을 구인합니다.,신규 프로젝트에 필요한 작업자를 구인하고 있습니다.,서비스업,서울특별시 강서구 마곡,오전 9시 ~ 오후 6시
2026.3.9,마젠토 솔루션 개발,2026.3.23,풀스택 개발자,미드 레벨,4~10년 차,0,0,180,발주처에게서 수주한 프로젝트에 필요한 인력을 구인합니다.,신규 프로젝트에 필요한 작업자를 구인하고 있습니다.,제조•생산•화학업,서울특별시 강서구 증미역,오전 9시 ~ 오후 6시
2026.3.9,클라우드 DE 개발,2026.3.23,데이터 엔지니어,시니어,8~10년 차,0,0,300,발주처에게서 수주한 프로젝트에 필요한 인력을 구인합니다.,신규 프로젝트에 필요한 작업자를 구인하고 있습니다.,IT•정보통신업,서울특별시 강남구 포스코사거리,오전 9시 ~ 오후 6시
2026.3.9,배터리 대기업 물류 시스템 개발,2026.3.23,풀스택 개발자,시니어,8~10년 차,0,0,360,발주처에게서 수주한 프로젝트에 필요한 인력을 구인합니다.,신규 프로젝트에 필요한 작업자를 구인하고 있습니다.,제조•생산•화학업,충청북도 청주시 청원구,오전 9시 ~ 오후 6시
2026.3.9,바이오 기업 웹 서비스 QA,2026.3.23,QA 엔지니어,미드 레벨,4~7년 차,0,0,180,발주처에게서 수주한 프로젝트에 필요한 인력을 구인합니다.,신규 프로젝트에 필요한 작업자를 구인하고 있습니다.,의료•제약업,서울특별시 송파구 잠실역 인근,오전 9시 ~ 오후 6시
2026.3.9,DAP 테크서포트 운영,2026.3.23,백엔드 개발자,주니어,1~3년 차,54000000,4500000,360,발주처에게서 수주한 프로젝트에 필요한 인력을 구인합니다.,신규 프로젝트에 필요한 작업자를 구인하고 있습니다.,제조•생산•화학업,서울특별시 강서구 마곡,오전 9시 ~ 오후 6시
2026.3.9,항공사 AI 데이터 파이프라인 구축,2026.3.23,데이터 엔지니어,시니어,8~10년 차,0,0,90,발주처에게서 수주한 프로젝트에 필요한 인력을 구인합니다.,신규 프로젝트에 필요한 작업자를 구인하고 있습니다.,서비스업,서울특별시 강서구 개화산역,오전 9시 ~ 오후 6시
2026.3.9,데이터브릭스(DE) 개발,2026.3.23,데이터 엔지니어,미드 레벨,경력 무관,0,0,360,발주처에게서 수주한 프로젝트에 필요한 인력을 구인합니다.,신규 프로젝트에 필요한 작업자를 구인하고 있습니다.,제조•생산•화학업,경기도 성남시 분당구 정자동,오전 9시 ~ 오후 6시
2026.3.9,통합 결제 플랫폼 개발,2026.3.23,풀스택 개발자,"미드 레벨,시니어","4~7년 차,8~10년 차",0,0,240,발주처에게서 수주한 프로젝트에 필요한 인력을 구인합니다.,신규 프로젝트에 필요한 작업자를 구인하고 있습니다.,제조•생산•화학업,경기도 수원시 영통구 망포역 인근,오전 9시 ~ 오후 6시
2026.3.9,그룹사 시스템 프런트엔드 개발,2026.3.23,프론트엔드 개발자,시니어,8~10년 차,0,0,300,발주처에게서 수주한 프로젝트에 필요한 인력을 구인합니다.,신규 프로젝트에 필요한 작업자를 구인하고 있습니다.,서비스업,서울특별시 강서구 증미역 또는 마곡나루역,오전 9시 ~ 오후 6시
2026.3.9,항공사 통합 시스템 개발,2026.3.23,풀스택 개발자,시니어,8~10년 차,0,0,150,발주처에게서 수주한 프로젝트에 필요한 인력을 구인합니다.,신규 프로젝트에 필요한 작업자를 구인하고 있습니다.,서비스업,서울특별시 강서구 개화산역 인근,오전 9시 ~ 오후 6시
2026.3.9,타이어 기업 ERP 연계 프로젝트,2026.3.23,풀스택 개발자,시니어,8~10년 차,74000000.00000000000000000001,7400000,300,발주처에게서 수주한 프로젝트에 필요한 인력을 구인합니다.,신규 프로젝트에 필요한 작업자를 구인하고 있습니다.,제조•생산•화학업,경기도 성남시 분당구 판교역 도보 10분,오전 8시 ~ 오후 12시
2026.3.9,Flutter/Node.js 기반 커뮤니티 서비스 구축 풀스택 개발,2026.3.23,풀스택 개발자,미드 레벨,4~7년 차,15000000.00000000000000000000,5000000,90,사내 프로젝트에 필요한 인력을 구인합니다.,신규 프로젝트에 필요한 작업자를 구인하고 있습니다.,IT•정보통신업,경상남도 창원시 의창구 팔용동,오전 10시 ~ 오후 7시
2026.3.9,React Native/Node 기반 플랫폼 풀스택 개발,2026.3.20,풀스택 개발자,미드 레벨,6~7년 차,72000000,6000000,360,사내 프로젝트에 필요한 인력을 구인합니다.,신규 프로젝트에 필요한 작업자를 구인하고 있습니다.,IT•정보통신업,경상남도 창원시 의창구 용동로45,주 40시간 탄력근무(자율 출퇴근)
2026.3.6,Vue3/Nuxt 기반 스포츠클럽 정보시스템 프론트엔드 개발,2026.3.13,프론트엔드 개발자,주니어,1~3년 차,7000000.000000000000000000002,3500000,60,사내 프로젝트에 필요한 인력을 구인합니다.,기존 팀에 작업자를 추가 증원하려 합니다.,IT•정보통신업,서울특별시 송파구 미팅 시 공유,오전 9시 ~ 오후 6시
2026.3.6,빅데이터 플랫폼 QA/SQA 품질 관리 엔지니어,2026.4.3,QA 엔지니어,미드 레벨,5~20년 차,24000000,6000000,120,발주처에게서 수주한 프로젝트에 필요한 인력을 구인합니다.,신규 프로젝트에 필요한 작업자를 구인하고 있습니다.,IT•정보통신업,경기도 성남시 분당구 두산타워,오전 8시 30분 ~ 오후 5시 30분
2026.3.9,"학원ERP 기능 고도화 개발(주 20시간, 재택 근무)",2026.3.23,풀스택 개발자,테크 리드,11년 차 이상,2500000.000000000000000000000,2500000,30,사내 프로젝트에 필요한 인력을 구인합니다.,신규 프로젝트에 필요한 작업자를 구인하고 있습니다.,교육업,,주 20시간 탄력근무(자율 출퇴근)
2026.3.6,WebSphere 및 Jennifer APM 기술 엔지니어,2026.3.20,풀스택 개발자,미드 레벨,6~9년 차,60000000.00000000000000000001,5000000,360,사내 프로젝트에 필요한 인력을 구인합니다.,신규 프로젝트에 필요한 작업자를 구인하고 있습니다.,IT•정보통신업,경기도 과천시 과천대로12길 117,오전 9시 ~ 오후 6시
2026.3.6,Node.js 기반 소셜 서비스 채팅 기능 고도화,2026.3.19,백엔드 개발자,미드 레벨,5~7년 차,5000000.000000000000000000001,5000000,30,사내 프로젝트에 필요한 인력을 구인합니다.,신규 프로젝트에 필요한 작업자를 구인하고 있습니다.,IT•정보통신업,서울특별시 성동구 연머장5가길 25,오전 9시 ~ 오후 6시
2026.3.5,OutSystems 기반 로우코드 SW 개발,2026.3.11,풀스택 개발자,미드 레벨,5~7년 차,60000000.00000000000000000001,5000000,360,발주처에게서 수주한 프로젝트에 필요한 인력을 구인합니다.,신규 프로젝트에 필요한 작업자를 구인하고 있습니다.,IT•정보통신업,서울특별시 중구 미팅 시 공유,오전 9시 ~ 오후 6시
2026.3.5,보험 운영/개발(Java/JavaScript),2026.3.19,프론트엔드 개발자,미드 레벨,4~7년 차,45000000.00000000000000000001,5000000,270,발주처에게서 수주한 프로젝트에 필요한 인력을 구인합니다.,기존 팀에 작업자를 추가 증원하려 합니다.,금융•은행업,서울특별시 종로구 종로 부근,오전 9시 ~ 오후 6시
2026.3.5,공공 교육서비스 AI 개발,2026.3.19,AI/ML/Data 엔지니어,미드 레벨,4~7년 차,58500000.00000000000000000001,6500000,270,발주처에게서 수주한 프로젝트에 필요한 인력을 구인합니다.,신규 프로젝트에 필요한 작업자를 구인하고 있습니다.,IT•정보통신업,서울특별시 서초구 양재역,오전 9시 ~ 오후 6시
2026.3.5,Python 기반 B2B 서비스 운영 어드민 페이지 개발,2026.3.19,백엔드 개발자,미드 레벨,4~7년 차,5000000.000000000000000000001,5000000,30,사내 프로젝트에 필요한 인력을 구인합니다.,신규 프로젝트에 필요한 작업자를 구인하고 있습니다.,서비스업,서울특별시 강남구 미팅 시 공유,오전 9시 ~ 오후 6시
2026.3.5,AI 기반 CRM 상담 웹 서비스 기획자 모집,2026.3.12,서비스 기획자,미드 레벨,3~4년 차,7399999.999999999999999999998,3700000,60,사내 프로젝트에 필요한 인력을 구인합니다.,신규 프로젝트에 필요한 작업자를 구인하고 있습니다.,서비스업,서울특별시 영등포구 여의도 오투타워,오전 10시 ~ 오후 7시
2026.3.4,Python/React 기반 특허 행정 자동화 SaaS 고도화,2026.3.18,풀스택 개발자,미드 레벨,3~7년 차,15000000.00000000000000000000,5000000,90,사내 프로젝트에 필요한 인력을 구인합니다.,신규 프로젝트에 필요한 작업자를 구인하고 있습니다.,IT•정보통신업,서울특별시 광진구 광나루로 478 ,오전 9시 ~ 오후 6시
2026.3.4,Java/K8S 기반 대용량 이미지 처리 시스템 운영 백엔드 개발,2026.4.1,백엔드 개발자,미드 레벨,8~10년 차,30000000,7500000,120,발주처에게서 수주한 프로젝트에 필요한 인력을 구인합니다.,신규 프로젝트에 필요한 작업자를 구인하고 있습니다.,IT•정보통신업,경기도 성남시 분당구 두산타워,오전 8시 30분 ~ 오후 5시 30분
2026.3.4,React 기반 서비스 운영 및 유지보수 SM 개발,2026.4.1,프론트엔드 개발자,미드 레벨,4~10년 차,24800000.00000000000000000000,6200000,120,발주처에게서 수주한 프로젝트에 필요한 인력을 구인합니다.,신규 프로젝트에 필요한 작업자를 구인하고 있습니다.,IT•정보통신업,경기도 성남시 분당구 두산타워,오전 8시 30분 ~ 오후 5시 30분
2026.3.4,React 기반 웹 퍼블리싱 및 UI 구현,2026.3.18,퍼블리셔,미드 레벨,4~7년 차,22000000.00000000000000000000,5500000,120,사내 프로젝트에 필요한 인력을 구인합니다.,신규 프로젝트에 필요한 작업자를 구인하고 있습니다.,교육업,서울특별시 서초구 남부순환로 2547(서초동 1354-3),오전 9시 ~ 오후 6시
2026.3.4,B2B SaaS 특허행정 자동화 PO / 서비스 기획,2026.3.18,서비스 기획자,미드 레벨,3~7년 차,15000000.00000000000000000000,5000000,90,사내 프로젝트에 필요한 인력을 구인합니다.,신규 프로젝트에 필요한 작업자를 구인하고 있습니다.,IT•정보통신업,서울특별시 광진구 미팅 시 공유,오전 9시 ~ 오후 6시
2026.3.4,KYC 엔진 및 관리 시스템 구축,2026.3.18,풀스택 개발자,"시니어,미드 레벨","8~10년 차,4~7년 차",32999999.99999999999999999999,5500000,180,사내 프로젝트에 필요한 인력을 구인합니다.,신규 프로젝트에 필요한 작업자를 구인하고 있습니다.,금융•은행업,서울특별시 중구 장충단로 166,오전 9시 ~ 오후 6시
2026.3.3,은행권 자동화기기(키오스크 등) 화면 C#/WPF 개발,2026.3.17,프론트엔드 개발자,시니어,6~20년 차,45000000,7500000,180,발주처에게서 수주한 프로젝트에 필요한 인력을 구인합니다.,기존 팀에 작업자를 추가 증원하려 합니다.,금융•은행업,서울특별시 중구 을지로,오전 9시 ~ 오후 6시
2026.3.4,Java/Spring 기반 온라인 물류 SCM 백엔드 개발,2026.3.18,백엔드 개발자,"미드 레벨,테크 리드","4~7년 차,11년 차 이상",56000000.00000000000000000001,8000000,210,발주처에게서 수주한 프로젝트에 필요한 인력을 구인합니다.,신규 프로젝트에 필요한 작업자를 구인하고 있습니다.,IT•정보통신업,서울특별시 중구 을지로,오전 9시 ~ 오후 6시
2026.3.3,VC++/MFC 기반 양산 테스트 설비 제어 프로그램 개발,2026.3.17,풀스택 개발자,시니어,10~20년 차,126000000,10500000,360,사내 프로젝트에 필요한 인력을 구인합니다.,기존 팀에 작업자를 추가 증원하려 합니다.,제조•생산•화학업,경기도 화성시 삼성1로 332-7,오전 9시 ~ 오후 6시
2026.3.3,LLM Ops 엔지니어(중국 출장),2026.3.17,DevOps 엔지니어,테크 리드,10년 차 이상,9999999.999999999999999999999,10000000,30,사내 프로젝트에 필요한 인력을 구인합니다.,신규 프로젝트에 필요한 작업자를 구인하고 있습니다.,IT•정보통신업,경기도 성남시 분당구 판교 및 중국 출장,오전 9시 ~ 오후 6시
2026.3.3,삼성전자MCM GoLang 백엔드 개발자,2026.3.5,백엔드 개발자,시니어,6~12년 차,88000000.00000000000000000001,8000000,330,발주처에게서 수주한 프로젝트에 필요한 인력을 구인합니다.,신규 프로젝트에 필요한 작업자를 구인하고 있습니다.,IT•정보통신업,"서울특별시 서초구 반포대로 13 (서초동, 아이티센빌딩)",오전 9시 ~ 오후 6시
2026.3.3,vue2/Spring Boot/Oracle/MyBatis WMS 풀스택 개발,2026.3.17,풀스택 개발자,시니어,5~10년 차,26000000.00000000000000000000,6500000,120,발주처에게서 수주한 프로젝트에 필요한 인력을 구인합니다.,신규 프로젝트에 필요한 작업자를 구인하고 있습니다.,IT•정보통신업,서울특별시 강서구 양천로 570,오전 9시 ~ 오후 6시
2026.3.3, Python 기반 LLM/VLM Agent AI 시스템 개발 (2일 재택근무),2026.3.17,AI/ML/Data 엔지니어,"미드 레벨,시니어","4~7년 차,8~10년 차",56000000.00000000000000000001,8000000,210,발주처에게서 수주한 프로젝트에 필요한 인력을 구인합니다.,기존 팀에 작업자를 추가 증원하려 합니다.,제조•생산•화학업,서울특별시 서초구 서초대로,주 40시간 탄력근무(자율 출퇴근)
2026.3.3,Nest.js/AWS 기반 AI튜터 앱 백엔드 개발 (주 20시간 재택),2026.3.17,백엔드 개발자,시니어,8~10년 차,36000000,3000000,360,사내 프로젝트에 필요한 인력을 구인합니다.,,IT•정보통신업,,주 20시간 탄력근무(자율 출퇴근)
2026.3.3,공압 액츄에이터 개발 프로젝트의 사업 계획서 작성,2026.3.20,풀스택 개발자,시니어,8~10년 차,6000000,6000000,30,사내 프로젝트에 필요한 인력을 구인합니다.,기존 팀에 작업자를 추가 증원하려 합니다.,IT•정보통신업,서울특별시 용산구 청파로77,오전 10시 ~ 오후 7시
2026.3.3,Vibe Coding  개발 환경으로 전환(Claude Code),2026.3.13,PL (프로젝트 리더),테크 리드,경력 무관,16000000.00000000000000000000,8000000,60,사내 프로젝트에 필요한 인력을 구인합니다.,신규 프로젝트에 필요한 작업자를 구인하고 있습니다.,IT•정보통신업,대구광역시 수성구 알파시티,오전 9시 ~ 오후 6시
2026.3.9, 홈페이지 제작 웹 퍼블리싱 및 디자인 (4일 재택근무),2026.3.23,퍼블리셔,미드 레벨,4~7년 차,3999999.999999999999999999999,4000000,30,사내 프로젝트에 필요한 인력을 구인합니다.,기존 팀에 작업자를 추가 증원하려 합니다.,IT•정보통신업,서울특별시 광진구 능동로 120 중장비실험동 3층 303호 ,오전 9시 ~ 오후 6시
2026.2.27,풀스택 Laravel 개발 PL,2026.3.13,PL (프로젝트 리더),시니어,8~10년 차,6000000,6000000,30,사내 프로젝트에 필요한 인력을 구인합니다.,기존 팀에 작업자를 추가 증원하려 합니다.,서비스업,서울특별시 양천구 오목교역 인그,오전 9시 ~ 오후 6시
2026.2.27,React/TypeScript 기반 웹·모바일 통합 프론트엔드 개발 (재택근무),2026.3.13,풀스택 개발자,미드 레벨,3~10년 차,18000000,6000000,90,사내 프로젝트에 필요한 인력을 구인합니다.,신규 프로젝트에 필요한 작업자를 구인하고 있습니다.,IT•정보통신업,,주 40시간 탄력근무(자율 출퇴근)
2026.2.27,대기업 SCM  구축 프로젝트 분석/설계,2026.3.6,백엔드 개발자,테크 리드,11년 차 이상,144000000.0000000000000000000,8000000,540,발주처에게서 수주한 프로젝트에 필요한 인력을 구인합니다.,신규 프로젝트에 필요한 작업자를 구인하고 있습니다.,IT•정보통신업,서울특별시 용산구 지하철역 도보 5분 이내,오전 9시 ~ 오후 6시
2026.2.27, Anyframe/Nexacro 기반 자산운용사 SM 개발,2026.3.11,풀스택 개발자,미드 레벨,4~5년 차,54000000,4500000,360,발주처에게서 수주한 프로젝트에 필요한 인력을 구인합니다.,결원이 발생하여 작업자를 구인하고 있습니다.,IT•정보통신업,서울특별시 서초구 미팅 시 공유,오전 9시 ~ 오후 6시
2026.2.27,품질관리 대시보드 BI-Matrix 개발,2026.3.13,풀스택 개발자,시니어,8~10년 차,21000000.00000000000000000000,7000000,90,사내 프로젝트에 필요한 인력을 구인합니다.,신규 프로젝트에 필요한 작업자를 구인하고 있습니다.,제조•생산•화학업,인천광역시 부평구 갈산역 부근,오전 9시 ~ 오후 6시
2026.2.27,전자정부프레임워크 기반  UNIX to LINUX 이전 개발,2026.3.13,백엔드 개발자,미드 레벨,2~5년 차,16000000.00000000000000000000,4000000,120,발주처에게서 수주한 프로젝트에 필요한 인력을 구인합니다.,기존 팀에 작업자를 추가 증원하려 합니다.,IT•정보통신업,서울특별시 동작구 노량진수산시장 인근,오전 9시 ~ 오후 6시
2026.3.4,업무 시스템 화면 기획,2026.3.18,UI/UX 기획자,미드 레벨,4~7년 차,10000000.00000000000000000000,5000000,60,사내 프로젝트에 필요한 인력을 구인합니다.,기존 팀에 작업자를 추가 증원하려 합니다.,IT•정보통신업,서울특별시 서초구 교대역 부근,주 40시간 탄력근무(자율 출퇴근)
2026.2.27,커머스 B/O 내 WMS/TMS/OMS 파트 고도화(F/E),2026.3.13,프론트엔드 개발자,미드 레벨,5~7년 차,30000000.00000000000000000001,5000000,180,사내 프로젝트에 필요한 인력을 구인합니다.,신규 프로젝트에 필요한 작업자를 구인하고 있습니다.,판매•유통업,경기도 성남시 분당구 운중동,오전 9시 ~ 오후 6시
2026.2.27,커머스 B/O 내 WMS/TMS/OMS 파트 고도화(B/E),2026.3.13,백엔드 개발자,미드 레벨,5~7년 차,30000000.00000000000000000001,5000000,180,사내 프로젝트에 필요한 인력을 구인합니다.,신규 프로젝트에 필요한 작업자를 구인하고 있습니다.,판매•유통업,"경기도 성남시 분당구 운중로 121, KPGA빌딩",오전 9시 ~ 오후 6시
2026.2.26,증권사 VDI·가상화 핵심 운영,2026.3.16,인프라 엔지니어,미드 레벨,5~7년 차,72000000,6000000,360,발주처에게서 수주한 프로젝트에 필요한 인력을 구인합니다.,기존 팀에 작업자를 추가 증원하려 합니다.,IT•정보통신업,서울특별시 영등포구 여의도 근무,오전 9시 ~ 오후 6시
2026.2.26,AI 인프라 풀스택 개발 (재택근무),2026.2.27,풀스택 개발자,미드 레벨,3~10년 차,18000000,6000000,90,사내 프로젝트에 필요한 인력을 구인합니다.,신규 프로젝트에 필요한 작업자를 구인하고 있습니다.,IT•정보통신업,,주 40시간 탄력근무(자율 출퇴근)
2026.2.26,ABAP 기반 SAP 인터페이스 연동 개발,2026.3.12,백엔드 개발자,시니어,8~10년 차,27000000,9000000,90,발주처에게서 수주한 프로젝트에 필요한 인력을 구인합니다.,신규 프로젝트에 필요한 작업자를 구인하고 있습니다.,제조•생산•화학업,서울특별시 강동구 미팅 시 공유,오전 9시 ~ 오후 6시
2026.2.26,Websquare 기반 캐피탈 시스템 개발,2026.3.12,모바일 앱 개발자,시니어,4~10년 차,2190000000,6000000,10950,발주처에게서 수주한 프로젝트에 필요한 인력을 구인합니다.,기존 팀에 작업자를 추가 증원하려 합니다.,IT•정보통신업,서울특별시 영등포구 여의도,오전 9시 ~ 오후 6시
2026.2.26,SK계열사 K8s 기반 ETL 개발,2026.3.12,데이터 엔지니어,시니어,9~18년 차,81000000,9000000,270,발주처에게서 수주한 프로젝트에 필요한 인력을 구인합니다.,신규 프로젝트에 필요한 작업자를 구인하고 있습니다.,제조•생산•화학업,경기도 성남시 분당구 정자일로 155,오전 9시 ~ 오후 6시
2026.2.26,Spring Boot 기반 이커머스 통합관리 플랫폼 백엔드 개발,2026.3.19,백엔드 개발자,미드 레벨,4~5년 차,7999999.999999999999999999998,4000000,60,사내 프로젝트에 필요한 인력을 구인합니다.,신규 프로젝트에 필요한 작업자를 구인하고 있습니다.,IT•정보통신업,서울특별시 금천구 가산디지털1로 30,오전 9시 ~ 오후 6시
2026.2.26,Node.js/Express 기반 세금 자동신고 플랫폼 백엔드 개발,2026.3.12,백엔드 개발자,미드 레벨,4~5년 차,12000000.00000000000000000000,4000000,90,사내 프로젝트에 필요한 인력을 구인합니다.,,서비스업,경기도 가평군 가평읍 석봉로 175,오전 9시 ~ 오후 6시
2026.2.26,K8s 기반 Spark/Python/Airflow 빅데이터 ETL 개발,2026.3.26,백엔드 개발자,시니어,7~20년 차,30400000.00000000000000000000,7600000,120,발주처에게서 수주한 프로젝트에 필요한 인력을 구인합니다.,신규 프로젝트에 필요한 작업자를 구인하고 있습니다.,IT•정보통신업,경기도 성남시 분당구,오전 8시 30분 ~ 오후 5시 30분
2026.2.26,Azure 기반 중동 호텔 스마트체크인 시스템 인프라 설계 및 운영,2026.3.19,인프라 엔지니어,시니어,8~10년 차,36000000,6000000,180,사내 프로젝트에 필요한 인력을 구인합니다.,신규 프로젝트에 필요한 작업자를 구인하고 있습니다.,,서울특별시 금천구 가산디지털2로 43-14 가산한화비즈메트로 2차 1404호,오전 10시 ~ 오후 7시
2026.2.26,Java/Spring 기반 중동 호텔 스마트체크인 시스템 QA 엔지니어,2026.3.19,QA 엔지니어,시니어,8~10년 차,32999999.99999999999999999999,5500000,180,사내 프로젝트에 필요한 인력을 구인합니다.,신규 프로젝트에 필요한 작업자를 구인하고 있습니다.,,서울특별시 금천구 가산디지털2로 43-14 가산한화비즈메트로 2차 1404호,오전 10시 ~ 오후 7시
2026.2.26,Java/Spring Boot 기반 교육 콘텐츠 문제은행 웹 플랫폼 백엔드 개발,2026.3.12,백엔드 개발자,미드 레벨,4~7년 차,39000000.00000000000000000001,6500000,180,사내 프로젝트에 필요한 인력을 구인합니다.,신규 프로젝트에 필요한 작업자를 구인하고 있습니다.,교육업,서울특별시 서초구 남부순환로 2547(서초동 1354-3),오전 9시 ~ 오후 6시
2026.3.3,Custom AOSP 기반 단말 런처/시스템앱 QA 엔지니어,2026.3.17,QA 엔지니어,시니어,8~10년 차,6000000,6000000,30,사내 프로젝트에 필요한 인력을 구인합니다.,신규 프로젝트에 필요한 작업자를 구인하고 있습니다.,IT•정보통신업,서울특별시 서초구 강남대로311,오전 9시 ~ 오후 6시
2026.2.25,산업 설비 예지보전 PoC 머신러닝 엔지니어,2026.3.25,머신러닝 엔지니어,시니어,5~7년 차,48000000.00000000000000000001,8000000,180,발주처에게서 수주한 프로젝트에 필요한 인력을 구인합니다.,신규 프로젝트에 필요한 작업자를 구인하고 있습니다.,제조•생산•화학업,서울특별시 서초구 효령로 380 2층 모넷코리아 (세안빌딩),오전 9시 ~ 오후 6시
2026.2.25,게임 마케팅 플랫폼 콘솔 웹 UX 기획 및 개선,2026.3.11,UI/UX 기획자,시니어,8~10년 차,10000000.00000000000000000000,5000000,60,사내 프로젝트에 필요한 인력을 구인합니다.,신규 프로젝트에 필요한 작업자를 구인하고 있습니다.,IT•정보통신업,,오전 9시 ~ 오후 6시
2026.2.25,스마트면세점 구축 기획,2026.3.3,서비스 기획자,미드 레벨,6~9년 차,0,0,75,발주처에게서 수주한 프로젝트에 필요한 인력을 구인합니다.,신규 프로젝트에 필요한 작업자를 구인하고 있습니다.,판매•유통업,서울특별시 중구 2호선 을지로입구역 근처,오전 9시 ~ 오후 6시
2026.2.25,대용량 데이터베이스 운영 DBA (AWS·Valky·Redis),2026.3.11,DBA,시니어,10년 차 이상,108000000,9000000,360,사내 프로젝트에 필요한 인력을 구인합니다.,신규 프로젝트에 필요한 작업자를 구인하고 있습니다.,IT•정보통신업,서울특별시 강서구 마곡,오전 9시 ~ 오후 6시
2026.2.25,게임 사이트 메인 UI/UX 디자인 및 상세페이지 디자인,2026.3.11,그래픽 디자이너,미드 레벨,4~7년 차,12000000.00000000000000000000,4000000,90,사내 프로젝트에 필요한 인력을 구인합니다.,신규 프로젝트에 필요한 작업자를 구인하고 있습니다.,IT•정보통신업,서울특별시 강남구 신사동 패스트파이브,오전 9시 ~ 오후 6시
2026.2.24,Python / FastAPI 기반 B2B 포털 백엔드 개발,2026.3.10,백엔드 개발자,시니어,10~15년 차,24000000.00000000000000000000,8000000,90,발주처에게서 수주한 프로젝트에 필요한 인력을 구인합니다.,신규 프로젝트에 필요한 작업자를 구인하고 있습니다.,판매•유통업,서울특별시 영등포구 미팅 시 공유,오전 9시 ~ 오후 6시
2026.2.24,React Native 기반 인사관리 앱 유지보수 및 신규 기능 개발,2026.3.10,Android 개발자,미드 레벨,4~7년 차,15000000.00000000000000000000,5000000,90,사내 프로젝트에 필요한 인력을 구인합니다.,결원이 발생하여 작업자를 구인하고 있습니다.,제조•생산•화학업,서울특별시 중구 퇴계로 41길 6,오전 9시 ~ 오후 6시
2026.2.25,AWS 기반 플랫폼 인프라 아키텍처 및 ISMS 인증 대응,2026.3.11,인프라 엔지니어,시니어,8~10년 차,30000000,6000000,150,사내 프로젝트에 필요한 인력을 구인합니다.,결원이 발생하여 작업자를 구인하고 있습니다.,IT•정보통신업,서울특별시 강남구 역삼로17길51,오전 9시 ~ 오후 6시
2026.2.25,.NET 에서 Java로 마이그레이션 및 AI RAG 데이터 플랫폼 개발,2026.3.6,백엔드 개발자,"미드 레벨,시니어","4~7년 차,8~10년 차",42000000,6000000,210,사내 프로젝트에 필요한 인력을 구인합니다.,신규 프로젝트에 필요한 작업자를 구인하고 있습니다.,서비스업,서울특별시 강남구,오전 9시 ~ 오후 6시
2026.2.24,React/Java 프런트엔드 개발(Lead),2026.3.10,프론트엔드 개발자,미드 레벨,6~9년 차,32999999.99999999999999999999,5500000,180,발주처에게서 수주한 프로젝트에 필요한 인력을 구인합니다.,기존 팀에 작업자를 추가 증원하려 합니다.,의료•제약업,서울특별시 종로구 대학로 57,오전 9시 ~ 오후 6시
2026.2.24,공공기관 Oracle DB 운영(경남 진주),2026.3.13,DBA,주니어,3~5년 차,60000000.00000000000000000001,5000000,360,발주처에게서 수주한 프로젝트에 필요한 인력을 구인합니다.,결원이 발생하여 작업자를 구인하고 있습니다.,기관•협회,경상남도 진주시 동진로 420,오전 9시 ~ 오후 6시
2026.2.25,nRF52 기반 지능형 노지 스마트팜 통합 관제 펌웨어 개발,2026.3.11,풀스택 개발자,미드 레벨,5~7년 차,10000000.00000000000000000000,5000000,60,사내 프로젝트에 필요한 인력을 구인합니다.,신규 프로젝트에 필요한 작업자를 구인하고 있습니다.,IT•정보통신업,서울특별시 용산구 청파로 77 (원효전자상가) 206호,오전 9시 ~ 오후 6시
2026.2.23,Python 기반 백화점 내 앱 AI 챗봇 서비스 개발,2026.3.9,백엔드 개발자,미드 레벨,5~13년 차,59850000,6300000,285,발주처에게서 수주한 프로젝트에 필요한 인력을 구인합니다.,신규 프로젝트에 필요한 작업자를 구인하고 있습니다.,판매•유통업,서울특별시 중구 을지로입구역(2호선) 인근,오전 9시 ~ 오후 6시
2026.2.24,Vue3/Nuxt 기반 스포츠클럽 정보시스템 프론트엔드 개발,2026.3.6,프론트엔드 개발자,주니어,1~3년 차,7000000.000000000000000000002,3500000,60,사내 프로젝트에 필요한 인력을 구인합니다.,기존 팀에 작업자를 추가 증원하려 합니다.,IT•정보통신업,서울특별시 송파구 미팅 시 공유,오전 9시 ~ 오후 6시
2026.2.24,50만 유튜버 영어 단어 암기 앱 서비스 풀스택 개발,2026.3.17,풀스택 개발자,미드 레벨,4~7년 차,60000000.00000000000000000001,5000000,360,사내 프로젝트에 필요한 인력을 구인합니다.,기존 팀에 작업자를 추가 증원하려 합니다.,IT•정보통신업,대전광역시 유성구 대학로 31 한진오피스텔 1003호,오전 9시 ~ 오후 6시
2026.2.23,Unity 기반 빌딩 디지털 트윈 관제 시스템 개발 ,2026.3.13,풀스택 개발자,시니어,11년 차 이상,28000000.00000000000000000000,7000000,120,사내 프로젝트에 필요한 인력을 구인합니다.,신규 프로젝트에 필요한 작업자를 구인하고 있습니다.,IT•정보통신업,서울특별시 강서구 396 팬코타워 5층,오전 9시 ~ 오후 6시
2026.2.23,React 기반 웹 퍼블리싱,2026.2.26,퍼블리셔,미드 레벨,5~20년 차,33000000,6000000,165,발주처에게서 수주한 프로젝트에 필요한 인력을 구인합니다.,신규 프로젝트에 필요한 작업자를 구인하고 있습니다.,IT•정보통신업,경기도 성남시 분당구 판교 SK캠퍼스,오전 8시 30분 ~ 오후 5시 30분
2026.2.23,Python Backend 개발,2026.3.23,백엔드 개발자,시니어,7~20년 차,36000000,7200000,150,발주처에게서 수주한 프로젝트에 필요한 인력을 구인합니다.,신규 프로젝트에 필요한 작업자를 구인하고 있습니다.,IT•정보통신업,경기도 성남시 분당구,오전 8시 30분 ~ 오후 5시 30분
2026.2.23,릴스 제작 플랫폼 (B2B SaaS) UX 개선 ,2026.2.27,UI/UX 디자이너,미드 레벨,5~7년 차,12000000.00000000000000000000,4000000,90,사내 프로젝트에 필요한 인력을 구인합니다.,신규 프로젝트에 필요한 작업자를 구인하고 있습니다.,IT•정보통신업,서울특별시 용산구 보광로60길 3,오전 9시 ~ 오후 6시
2026.2.20,웹 플랫폼 고도화 교육 콘텐츠 서비스 기획,2026.3.13,서비스 기획자,미드 레벨,4~7년 차,22000000.00000000000000000000,5500000,120,사내 프로젝트에 필요한 인력을 구인합니다.,신규 프로젝트에 필요한 작업자를 구인하고 있습니다.,교육업,서울특별시 서초구 남부순환로 2547(서초동 1354-3),오전 9시 ~ 오후 6시
2026.2.20,[AI 툴 활용]기존 B2B 폐쇄몰 모바일 버전 UI/UX 디자인 및 퍼블리싱 코드/가이드 구축,2026.3.6,UI/UX 디자이너,미드 레벨,4~7년 차,4500000,4500000,30,사내 프로젝트에 필요한 인력을 구인합니다.,,판매•유통업,"서울특별시 강남구 건설회관 10층, 오피스디포코리아 본사",오전 9시 ~ 오후 6시
2026.2.20,Java/Spring 기반 사내 시스템 백엔드 개발,2026.2.27,백엔드 개발자,미드 레벨,4~7년 차,30000000.00000000000000000001,5000000,180,사내 프로젝트에 필요한 인력을 구인합니다.,신규 프로젝트에 필요한 작업자를 구인하고 있습니다.,IT•정보통신업,서울특별시 영등포구 에이스하이테크시티,오전 9시 ~ 오후 6시
2026.2.20,OutSystems 기반 로우코드 SW 개발,2026.3.5,풀스택 개발자,미드 레벨,5~7년 차,60000000.00000000000000000001,5000000,360,발주처에게서 수주한 프로젝트에 필요한 인력을 구인합니다.,신규 프로젝트에 필요한 작업자를 구인하고 있습니다.,IT•정보통신업,서울특별시 중구 미팅 시 공유,오전 9시 ~ 오후 6시
2026.2.19,Java/C++ 기반 국내 증권사 대외계 이상거래 모니터링 시스템 구축,2026.3.5,백엔드 개발자,시니어,4~7년 차,28000000.00000000000000000000,7000000,120,발주처에게서 수주한 프로젝트에 필요한 인력을 구인합니다.,신규 프로젝트에 필요한 작업자를 구인하고 있습니다.,금융•은행업,서울특별시 용산구 효창공원 역 근교,주 52시간 탄력근무(자율 출퇴근)
2026.2.19,사족보행로봇 커스터마이징 프로젝트 테크니컬 PM,2026.3.12,PM (프로젝트 매니저),시니어,8~15년 차,48000000.00000000000000000001,8000000,180,사내 프로젝트에 필요한 인력을 구인합니다.,신규 프로젝트에 필요한 작업자를 구인하고 있습니다.,제조•생산•화학업,경기도 광명시 광명/서울/포항/부산 소재 office 중 선택 가능( 경기/서울권 선호 ),주 40시간 탄력근무(자율 출퇴근)
2026.2.19,농협 신탁 프로젝트 유지보수(SM),2026.3.5,백엔드 개발자,시니어,8~10년 차,90000000,7500000,360,발주처에게서 수주한 프로젝트에 필요한 인력을 구인합니다.,결원이 발생하여 작업자를 구인하고 있습니다.,금융•은행업,경기도 의왕시 성고개로59,오전 9시 ~ 오후 6시
2026.2.19,웹 퍼블리싱 및 React 일부 개발,2026.3.4,프론트엔드 개발자,미드 레벨,5~10년 차,18000000,6000000,90,발주처에게서 수주한 프로젝트에 필요한 인력을 구인합니다.,신규 프로젝트에 필요한 작업자를 구인하고 있습니다.,IT•정보통신업,경기도 성남시 분당구 판교SK캠퍼스,오전 8시 30분 ~ 오후 5시 30분
2026.2.19,수납시스템(ETAX) Batch/Demon/API 개발,2026.2.25,백엔드 개발자,테크 리드,11년 차 이상,88000000.00000000000000000001,8000000,330,발주처에게서 수주한 프로젝트에 필요한 인력을 구인합니다.,신규 프로젝트에 필요한 작업자를 구인하고 있습니다.,금융•은행업,서울특별시 중구 시청역 부근,오전 9시 ~ 오후 6시
2026.2.19,VMware 기반 클라우드 서비스 및 자동화 운영,2026.2.25,클라우드 엔지니어,테크 리드,8~15년 차,108000000,9000000,360,발주처에게서 수주한 프로젝트에 필요한 인력을 구인합니다.,신규 프로젝트에 필요한 작업자를 구인하고 있습니다.,제조•생산•화학업,경기도 용인시 기흥구,오전 9시 ~ 오후 6시
2026.2.19,Flutter 기반 AI튜터 앱 개발 (주 20시간 재택근무),2026.3.5,프론트엔드 개발자,시니어,8~10년 차,36000000,3000000,360,사내 프로젝트에 필요한 인력을 구인합니다.,신규 프로젝트에 필요한 작업자를 구인하고 있습니다.,IT•정보통신업,,주 20시간 탄력근무(자율 출퇴근)
2026.2.19,Nest.js/AWS 기반 AI튜터 앱 백엔드 개발 (주 20시간 재택),2026.2.20,백엔드 개발자,시니어,8~10년 차,36000000,3000000,360,사내 프로젝트에 필요한 인력을 구인합니다.,,IT•정보통신업,,주 20시간 탄력근무(자율 출퇴근)
2026.2.19,GCP 기반 클라우드 인프라 구축 및 운영 엔지니어,2026.3.5,클라우드 엔지니어,미드 레벨,3~5년 차,27000000,4500000,180,사내 프로젝트에 필요한 인력을 구인합니다.,신규 프로젝트에 필요한 작업자를 구인하고 있습니다.,IT•정보통신업,서울특별시 강남구 역삼역 5번 출구 인근,오전 9시 ~ 오후 6시
2026.2.13,모니터링 시스템 Java/Spring Boot 백엔드 개발,2026.2.27,백엔드 개발자,"주니어,미드 레벨,시니어","1~5년 차,6~9년 차,10~12년 차",76999999.99999999999999999999,7000000,330,사내 프로젝트에 필요한 인력을 구인합니다.,기존 팀에 작업자를 추가 증원하려 합니다.,제조•생산•화학업,서울특별시 송파구,오전 8시 ~ 오후 5시
2026.2.13,Nexacro/Java기반 학사/입시/행정시스템 유지보수 개발,2026.3.6,풀스택 개발자,미드 레벨,3~5년 차,55000000.00000000000000000001,5000000,330,사내 프로젝트에 필요한 인력을 구인합니다.,신규 프로젝트에 필요한 작업자를 구인하고 있습니다.,교육업,경상북도 문경시 미팅 시 공유,오전 9시 ~ 오후 6시
2026.2.19,Spring Boot 백엔드 개발,2026.3.19,백엔드 개발자,미드 레벨,4~7년 차,15000000.00000000000000000000,5000000,90,발주처에게서 수주한 프로젝트에 필요한 인력을 구인합니다.,기존 팀에 작업자를 추가 증원하려 합니다.,IT•정보통신업,서울특별시 영등포구 여의도,오전 9시 ~ 오후 6시
2026.2.13,글로벌 D2C 브랜드 AI  테크 리드 PL(주3~4일 재택),2026.2.26,PL (프로젝트 리더),테크 리드,11년 차 이상,32000000.00000000000000000000,8000000,120,사내 프로젝트에 필요한 인력을 구인합니다.,신규 프로젝트에 필요한 작업자를 구인하고 있습니다.,미디어•광고업,서울특별시 서초구 서초대로398,오전 9시 ~ 오후 6시
2026.2.12,기 운영중인 웹사이트 기능 추가 개발,2026.2.26,풀스택 개발자,미드 레벨,4~7년 차,10000000.00000000000000000000,5000000,60,사내 프로젝트에 필요한 인력을 구인합니다.,신규 프로젝트에 필요한 작업자를 구인하고 있습니다.,교육업,서울특별시 마포구 상암,오전 9시 30분 ~ 오후 6시 30분
2026.2.12,기 운영중인 웹사이트 기능 추가 개발,2026.2.12,풀스택 개발자,미드 레벨,4~7년 차,10000000.00000000000000000000,5000000,60,사내 프로젝트에 필요한 인력을 구인합니다.,신규 프로젝트에 필요한 작업자를 구인하고 있습니다.,교육업,서울특별시 마포구 상암,오전 9시 30분 ~ 오후 6시 30분
2026.2.12,공공기관 홈페이지 프로젝트 제안서 작성 및 기획,2026.2.26,서비스 기획자,미드 레벨,4~9년 차,10000000.00000000000000000000,5000000,60,사내 프로젝트에 필요한 인력을 구인합니다.,신규 프로젝트에 필요한 작업자를 구인하고 있습니다.,IT•정보통신업,경기도 용인시 수지구 포은대로59번길37 시그니처광교1차 610호,오전 9시 ~ 오후 6시
2026.2.12,은행권 자동화기기(키오스크 등) 화면 C#/WPF 개발,2026.2.26,프론트엔드 개발자,시니어,6~20년 차,45000000,7500000,180,발주처에게서 수주한 프로젝트에 필요한 인력을 구인합니다.,기존 팀에 작업자를 추가 증원하려 합니다.,금융•은행업,서울특별시 중구 을지로,오전 9시 ~ 오후 6시
2026.2.12,React 기반 신규 기능 개발 ,2026.2.26,프론트엔드 개발자,시니어,7~15년 차,30000000,7500000,120,발주처에게서 수주한 프로젝트에 필요한 인력을 구인합니다.,신규 프로젝트에 필요한 작업자를 구인하고 있습니다.,IT•정보통신업,경기도 성남시 분당구 두산타워,오전 8시 30분 ~ 오후 5시 30분
2026.2.12,React 기반 서비스 운영 및 유지보수 SM 개발,2026.2.26,프론트엔드 개발자,미드 레벨,4~10년 차,24800000.00000000000000000000,6200000,120,발주처에게서 수주한 프로젝트에 필요한 인력을 구인합니다.,신규 프로젝트에 필요한 작업자를 구인하고 있습니다.,IT•정보통신업,경기도 성남시 분당구 두산타워,오전 8시 30분 ~ 오후 5시 30분
2026.2.12,Python/AWS 기반 B2B 연계 시스템 풀스택 개발,2026.2.26,풀스택 개발자,미드 레벨,4~7년 차,25000000.00000000000000000000,5000000,150,발주처에게서 수주한 프로젝트에 필요한 인력을 구인합니다.,기존 팀에 작업자를 추가 증원하려 합니다.,IT•정보통신업,서울특별시 영등포구 여의도,오전 9시 ~ 오후 6시
2026.2.12,Spring Boot 기반 글로벌 SaaS 솔루션 백엔드 개발,2026.2.26,백엔드 개발자,"미드 레벨,시니어","4~7년 차,8~10년 차",28000000.00000000000000000000,7000000,120,발주처에게서 수주한 프로젝트에 필요한 인력을 구인합니다.,기존 팀에 작업자를 추가 증원하려 합니다.,IT•정보통신업,서울특별시 강남구 봉은사역 근처,오전 9시 ~ 오후 6시
2026.2.11,Next.js/Supabase 기반 O2O 통신·중고폰 플랫폼 개발,2026.3.11,풀스택 개발자,미드 레벨,4~7년 차,60000000.00000000000000000001,5000000,360,사내 프로젝트에 필요한 인력을 구인합니다.,,판매•유통업,"인천광역시 부평구 부평대로 301, 남광센트렉스 502호",오전 10시 ~ 오후 7시
2026.2.11,미래에셋생명 채팅 고도화 Java 개발,2026.3.4,풀스택 개발자,미드 레벨,6~9년 차,54999999.99999999999999999999,5500000,300,발주처에게서 수주한 프로젝트에 필요한 인력을 구인합니다.,신규 프로젝트에 필요한 작업자를 구인하고 있습니다.,금융•은행업,서울특별시 영등포구 여의도,오전 9시 ~ 오후 6시
2026.2.11,React 프런트엔드 개발(퍼블리싱 포함),2026.2.12,프론트엔드 개발자,미드 레벨,4~7년 차,12000000,6000000,60,발주처에게서 수주한 프로젝트에 필요한 인력을 구인합니다.,신규 프로젝트에 필요한 작업자를 구인하고 있습니다.,IT•정보통신업,경기도 성남시 분당구 두산타워,오전 8시 30분 ~ 오후 5시 30분
2026.2.11,이민 수속 고객관리 CRM 백엔드 개발,2026.2.25,백엔드 개발자,미드 레벨,4~5년 차,9000000,4500000,60,사내 프로젝트에 필요한 인력을 구인합니다.,기존 팀에 작업자를 추가 증원하려 합니다.,IT•정보통신업,서울특별시 영등포구 여의도역 1분거리,오전 10시 ~ 오후 7시
2026.2.11, 브랜드 커뮤니케이션 디자인 및 CI/BI 디자인 (재택근무 협의 가능),2026.2.25,콘텐츠 디자이너,미드 레벨,2~5년 차,23999999.99999999999999999999,4000000,180,사내 프로젝트에 필요한 인력을 구인합니다.,,IT•정보통신업,서울특별시 영등포구 국제금융로2길 36 유화증권빌딩 8-9층,오전 8시 ~ 오후 5시
2026.2.11,거래 플랫폼 시스템 로직 설계 및 정책 기획 (재택근무),2026.2.13,서비스 기획자,시니어,8~12년 차,5000000.000000000000000000001,5000000,30,사내 프로젝트에 필요한 인력을 구인합니다.,신규 프로젝트에 필요한 작업자를 구인하고 있습니다.,IT•정보통신업,,오전 9시 ~ 오후 6시
2026.2.11,AI 웹 및 모바일 앱 UXUI 디자인 (근무조건 협의가능),2026.2.25,UI/UX 디자이너,주니어,1~3년 차,5200000.000000000000000000000,2600000,60,사내 프로젝트에 필요한 인력을 구인합니다.,기존 팀에 작업자를 추가 증원하려 합니다.,IT•정보통신업,경기도 성남시 수정구 위례광장로 328,오전 10시 ~ 오후 7시
2026.2.11,삼성전자 CMC AWS DBA ,2026.2.24,DBA,미드 레벨,4~7년 차,60000000,6000000,300,발주처에게서 수주한 프로젝트에 필요한 인력을 구인합니다.,결원이 발생하여 작업자를 구인하고 있습니다.,IT•정보통신업,서울특별시 서초구 아이티센빌딩,오전 9시 ~ 오후 6시
2026.2.11,React/antD 기반 서비스 운영 및 유지보수 SM 개발,2026.2.12,프론트엔드 개발자,미드 레벨,4~10년 차,24800000.00000000000000000000,6200000,120,발주처에게서 수주한 프로젝트에 필요한 인력을 구인합니다.,신규 프로젝트에 필요한 작업자를 구인하고 있습니다.,IT•정보통신업,경기도 성남시 분당구 두산타워,오전 8시 30분 ~ 오후 5시 30분
2026.2.11,React/antD 기반 신규 기능 개발 ,2026.2.12,프론트엔드 개발자,시니어,7~15년 차,30000000,7500000,120,발주처에게서 수주한 프로젝트에 필요한 인력을 구인합니다.,신규 프로젝트에 필요한 작업자를 구인하고 있습니다.,IT•정보통신업,경기도 성남시 분당구 두산타워,오전 8시 30분 ~ 오후 5시 30분
2026.2.11,증권사 VDI 운영 및 시스템 관리 엔지니어,2026.2.25,인프라 엔지니어,미드 레벨,3~7년 차,68400000,5700000,360,발주처에게서 수주한 프로젝트에 필요한 인력을 구인합니다.,기존 팀에 작업자를 추가 증원하려 합니다.,IT•정보통신업,서울특별시 영등포구 여의도 근무,오전 9시 ~ 오후 6시
2026.2.10,Vue 기반 영업관리 시스템 웹앱 퍼블리싱,2026.2.24,퍼블리셔,미드 레벨,4~7년 차,5499999.999999999999999999999,5500000,30,발주처에게서 수주한 프로젝트에 필요한 인력을 구인합니다.,기존 팀에 작업자를 추가 증원하려 합니다.,IT•정보통신업,"경기도 성남시 중원구 성남대로 1126, 602호",오전 9시 ~ 오후 6시
2026.2.10,VC++/MFC 기반 양산 테스트 설비 제어 프로그램 개발,2026.3.10,풀스택 개발자,시니어,7~15년 차,90000000,7500000,360,사내 프로젝트에 필요한 인력을 구인합니다.,기존 팀에 작업자를 추가 증원하려 합니다.,제조•생산•화학업,경기도 화성시 삼성1로 332-7,오전 9시 ~ 오후 6시
2026.2.11,React/TypeScript 기반 AI 보안솔루션 프론트엔드 개발,2026.2.25,프론트엔드 개발자,미드 레벨,4~5년 차,27000000,4500000,180,사내 프로젝트에 필요한 인력을 구인합니다.,신규 프로젝트에 필요한 작업자를 구인하고 있습니다.,IT•정보통신업,경기도 성남시 분당구 판교로 228번길 15 윈스테크넷동,오전 9시 ~ 오후 6시
2026.2.10,Spring Boot 기반 이커머스 통합관리 플랫폼 백엔드 개발,2026.2.24,백엔드 개발자,미드 레벨,4~5년 차,7999999.999999999999999999998,4000000,60,사내 프로젝트에 필요한 인력을 구인합니다.,신규 프로젝트에 필요한 작업자를 구인하고 있습니다.,IT•정보통신업,서울특별시 금천구 가산디지털1로 30,오전 9시 ~ 오후 6시
2026.2.9,글로벌 SaaS 프로젝트 관리 솔루션 적용 분석/설계,2026.3.2,PM (프로덕트 매니저),시니어,8~15년 차,40000000.00000000000000000000,10000000,120,발주처에게서 수주한 프로젝트에 필요한 인력을 구인합니다.,신규 프로젝트에 필요한 작업자를 구인하고 있습니다.,IT•정보통신업,서울특별시 강남구 봉은사역 부근,오전 9시 ~ 오후 6시
2026.2.9,SK하이닉스 지능형 Global One ERP,2026.2.25,풀스택 개발자,"시니어,테크 리드","8~10년 차,경력 무관",132000000.0000000000000000000,11000000,360,발주처에게서 수주한 프로젝트에 필요한 인력을 구인합니다.,신규 프로젝트에 필요한 작업자를 구인하고 있습니다.,제조•생산•화학업,"경기도 성남시 분당구 정자일로 155(정자동, 분당두산타워) SW개발센터",오전 9시 ~ 오후 6시
2026.2.9,EDR 보안 솔루션 엔지니어,2026.3.6,클라우드 보안 엔지니어,미드 레벨,5~9년 차,19200000,4800000,120,발주처에게서 수주한 프로젝트에 필요한 인력을 구인합니다.,신규 프로젝트에 필요한 작업자를 구인하고 있습니다.,IT•정보통신업,서울특별시 강남구 삼성로511 아이콘 삼성,오전 9시 ~ 오후 6시
2026.2.9,CAN 통신 인증 프로그램 개발,2026.2.23,백엔드 개발자,"시니어,미드 레벨","8~10년 차,4~7년 차",18000000,6000000,90,발주처에게서 수주한 프로젝트에 필요한 인력을 구인합니다.,신규 프로젝트에 필요한 작업자를 구인하고 있습니다.,서비스업,서울특별시 송파구,오전 8시 30분 ~ 오후 5시 30분
2026.2.9,Web 기반 AI 법률 상담서비스 기획 및 디자인,2026.2.26,UI/UX 디자이너,주니어,1~3년 차,9000000,3000000,90,사내 프로젝트에 필요한 인력을 구인합니다.,신규 프로젝트에 필요한 작업자를 구인하고 있습니다.,,인천광역시 부평구 한라비발디 오피스텔,오전 9시 ~ 오후 6시
2026.2.10,정책 데이터 자동화 및 최저가 산출 시스템 개발,2026.3.3,풀스택 개발자,미드 레벨,5~7년 차,60000000.00000000000000000001,5000000,360,사내 프로젝트에 필요한 인력을 구인합니다.,신규 프로젝트에 필요한 작업자를 구인하고 있습니다.,IT•정보통신업,부산광역시 기장군 미팅 시 공유,오전 9시 ~ 오후 6시
2026.2.9,Web 기반 AI 법률 상담서비스 풀스택 개발,2026.2.26,풀스택 개발자,주니어,1~3년 차,9000000,3000000,90,사내 프로젝트에 필요한 인력을 구인합니다.,신규 프로젝트에 필요한 작업자를 구인하고 있습니다.,,인천광역시 부평구 한라비발디 오피스텔,오전 9시 ~ 오후 6시
2026.2.10,Java 기반 부동산 SM 프로젝트 풀스택 유지보수 개발,2026.3.10,풀스택 개발자,"미드 레벨,시니어","5~9년 차,10년 차 이상",62999999.99999999999999999999,7000000,270,발주처에게서 수주한 프로젝트에 필요한 인력을 구인합니다.,신규 프로젝트에 필요한 작업자를 구인하고 있습니다.,서비스업,서울특별시 강남구 역삼역 근처,오전 9시 ~ 오후 6시
2026.2.6,C/텐덤 기반 카드사 승인업무 운영 및 개발,2026.2.10,풀스택 개발자,테크 리드,11년 차 이상,178500000.0000000000000000000,8500000,630,발주처에게서 수주한 프로젝트에 필요한 인력을 구인합니다.,신규 프로젝트에 필요한 작업자를 구인하고 있습니다.,금융•은행업,서울특별시 영등포구 여의도 위치,오전 9시 ~ 오후 6시
2026.2.6,은행 프로젝트 PMO /QA,2026.2.20,QA 엔지니어,미드 레벨,6~9년 차,27000000,4500000,180,발주처에게서 수주한 프로젝트에 필요한 인력을 구인합니다.,기존 팀에 작업자를 추가 증원하려 합니다.,금융•은행업,서울특별시 마포구 공덕역 도보 5분 ,오전 9시 ~ 오후 6시
2026.2.6,노코드/바이브코딩 기반 웹앱 MVP 풀스택 개발 (재택근무 / 시간 협의 가능),2026.2.20,풀스택 개발자,주니어,1~3년 차,5000000.000000000000000000000,2500000,60,사내 프로젝트에 필요한 인력을 구인합니다.,신규 프로젝트에 필요한 작업자를 구인하고 있습니다.,IT•정보통신업,,오전 12시 ~ 오후 11시 59분
2026.2.6,RTOS 기반 MCU 펌웨어 C/C++ 개발,2026.2.20,풀스택 개발자,시니어,10~15년 차,52000000.00000000000000000001,6500000,240,발주처에게서 수주한 프로젝트에 필요한 인력을 구인합니다.,기존 팀에 작업자를 추가 증원하려 합니다.,제조•생산•화학업,서울특별시 영등포구 보라매역 인근,오전 8시 30분 ~ 오후 5시 30분
2026.2.6,CDP(클라우드 진단 플랫폼) 양산화 B/E 개발,2026.2.27,백엔드 개발자,시니어,5~12년 차,0,0,330,발주처에게서 수주한 프로젝트에 필요한 인력을 구인합니다.,신규 프로젝트에 필요한 작업자를 구인하고 있습니다.,IT•정보통신업,서울특별시 송파구 방이역 근처,오전 8시 ~ 오후 5시
2026.2.6,F/R/P 스캔 장비 후속 FW 개발 및 포팅 (FreeRTOS/CAN),2026.2.27,풀스택 개발자,시니어,5~12년 차,0,0,240,발주처에게서 수주한 프로젝트에 필요한 인력을 구인합니다.,신규 프로젝트에 필요한 작업자를 구인하고 있습니다.,IT•정보통신업,서울특별시 송파구 방이역 근처,오전 8시 ~ 오후 5시
2026.2.6,Vehicle CAN 수집 및 BT/Flash 제어 펌웨어 개발,2026.2.27,풀스택 개발자,시니어,5~12년 차,0,0,300,발주처에게서 수주한 프로젝트에 필요한 인력을 구인합니다.,신규 프로젝트에 필요한 작업자를 구인하고 있습니다.,IT•정보통신업,서울특별시 송파구 방이역 근처,오전 8시 ~ 오후 5시
2026.2.6,테크 리드 개발자(팀장급) ,2026.3.4,백엔드 개발자,테크 리드,15년 차 이상,0,0,90,사내 프로젝트에 필요한 인력을 구인합니다.,신규 프로젝트에 필요한 작업자를 구인하고 있습니다.,미디어•광고업,서울특별시 강남구 학동로336,오전 9시 30분 ~ 오후 6시 30분
2026.2.6,Unity 기반 빌딩 디지털 트윈 관제 시스템 개발 ,2026.2.20,풀스택 개발자,시니어,11년 차 이상,28000000.00000000000000000000,7000000,120,사내 프로젝트에 필요한 인력을 구인합니다.,신규 프로젝트에 필요한 작업자를 구인하고 있습니다.,IT•정보통신업,서울특별시 강서구 396 팬코타워 5층,오전 9시 ~ 오후 6시
2026.2.6,스마트면세점 구축 기획,2026.2.10,서비스 기획자,"시니어,미드 레벨","8~10년 차,4~7년 차",0,0,105,발주처에게서 수주한 프로젝트에 필요한 인력을 구인합니다.,신규 프로젝트에 필요한 작업자를 구인하고 있습니다.,서비스업,서울특별시 중구 을지로입구역 근처,오전 9시 ~ 오후 6시
2026.2.9,농협은행 전자금융 설계/개발,2026.3.6,풀스택 개발자,시니어,9~15년 차,0,0,360,발주처에게서 수주한 프로젝트에 필요한 인력을 구인합니다.,신규 프로젝트에 필요한 작업자를 구인하고 있습니다.,금융•은행업,경기도 의왕시,오전 9시 ~ 오후 6시
2026.2.9,농협은행 글로벌 차세대 여신 대손충당금 설계 개발,2026.3.6,풀스택 개발자,시니어,9~15년 차,0,0,420,발주처에게서 수주한 프로젝트에 필요한 인력을 구인합니다.,신규 프로젝트에 필요한 작업자를 구인하고 있습니다.,금융•은행업,경기도 의왕시,오전 9시 ~ 오후 6시
2026.2.5,.NET WPF 기반 인터넷전화 프로그램 기능 추가 및 유지보수 개발,2026.2.19,프론트엔드 개발자,시니어,10년 차 이상,14000000.00000000000000000000,7000000,60,사내 프로젝트에 필요한 인력을 구인합니다.,신규 프로젝트에 필요한 작업자를 구인하고 있습니다.,IT•정보통신업,서울특별시 영등포구 문래동,오전 9시 ~ 오후 6시
2026.2.5,홈쇼핑 상품 정보 수집하는 크롤러 개발(주30시간/재택),2026.2.18,백엔드 개발자,미드 레벨,4~7년 차,3000000,3000000,30,사내 프로젝트에 필요한 인력을 구인합니다.,신규 프로젝트에 필요한 작업자를 구인하고 있습니다.,판매•유통업,,주 30시간 탄력근무(자율 출퇴근)
2026.2.4,사족보행로봇 커스터마이징 프로젝트 테크니컬 PM,2026.2.18,PM (프로젝트 매니저),시니어,8~15년 차,48000000.00000000000000000001,8000000,180,사내 프로젝트에 필요한 인력을 구인합니다.,신규 프로젝트에 필요한 작업자를 구인하고 있습니다.,제조•생산•화학업,경기도 광명시 광명/서울/포항/부산 소재 office 중 선택 가능( 경기/서울권 선호 ),주 40시간 탄력근무(자율 출퇴근)
2026.2.4,Android/Java Spring 모니터링 시스템 유지보수(앱/백엔드 풀스택),2026.2.13,풀스택 개발자,"주니어,미드 레벨,시니어","1~5년 차,6~9년 차,10~12년 차",76999999.99999999999999999999,7000000,330,사내 프로젝트에 필요한 인력을 구인합니다.,기존 팀에 작업자를 추가 증원하려 합니다.,제조•생산•화학업,서울특별시 송파구,오전 8시 ~ 오후 5시
2026.2.4,금융 IT 프로젝트 매니저(주 2일 재택 가능),2026.2.18,PM (프로젝트 매니저),미드 레벨,5~15년 차,50000000.00000000000000000000,10000000,150,발주처에게서 수주한 프로젝트에 필요한 인력을 구인합니다.,신규 프로젝트에 필요한 작업자를 구인하고 있습니다.,금융•은행업,부산광역시 강서구 미음산단로127번길 21,오전 9시 ~ 오후 6시
2026.2.4,DevOps 엔지니어 CI/CD 운영 및 구축 ,2026.2.18,DevOps/SRE 엔지니어,시니어,8~10년 차,78000000.00000000000000000001,6500000,360,발주처에게서 수주한 프로젝트에 필요한 인력을 구인합니다.,결원이 발생하여 작업자를 구인하고 있습니다.,IT•정보통신업,서울특별시 용산구 한강대로372,오전 9시 ~ 오후 6시
2026.2.4,Java/K8S 기반 대용량 이미지 처리 시스템 운영 백엔드 개발,2026.3.4,백엔드 개발자,미드 레벨,4~10년 차,24000000,6000000,120,발주처에게서 수주한 프로젝트에 필요한 인력을 구인합니다.,신규 프로젝트에 필요한 작업자를 구인하고 있습니다.,IT•정보통신업,경기도 성남시 분당구 두산타워,오전 8시 30분 ~ 오후 5시 30분
2026.2.4,React/antD 기반 서비스 운영 SM 개발 및 퍼블리싱,2026.2.11,프론트엔드 개발자,미드 레벨,4~10년 차,24000000,6000000,120,발주처에게서 수주한 프로젝트에 필요한 인력을 구인합니다.,신규 프로젝트에 필요한 작업자를 구인하고 있습니다.,IT•정보통신업,경기도 성남시 분당구 두산타워,오전 8시 30분 ~ 오후 5시 30분
2026.2.4,스마트 매장 운영 솔루션 UX 기획,2026.2.18,UX 기획자,미드 레벨,5~10년 차,65999999.99999999999999999999,5500000,360,사내 프로젝트에 필요한 인력을 구인합니다.,결원이 발생하여 작업자를 구인하고 있습니다.,IT•정보통신업,서울특별시 강남구 도산대로6길 12,오전 9시 ~ 오후 6시
2026.2.4,커뮤니티 플랫폼 Python/Django 백엔드 개발,2026.3.3,백엔드 개발자,주니어,1~3년 차,19800000,3300000,180,사내 프로젝트에 필요한 인력을 구인합니다.,,IT•정보통신업,"경기도 성남시 분당구 판교로228번길 15, 판교세븐벤처밸리1 3동 7층 (주)판도라티비",오전 9시 30분 ~ 오후 6시 30분
2026.2.4,농협 신탁 프로젝트 유지보수(SM),2026.2.18,백엔드 개발자,시니어,8~10년 차,90000000,7500000,360,발주처에게서 수주한 프로젝트에 필요한 인력을 구인합니다.,결원이 발생하여 작업자를 구인하고 있습니다.,금융•은행업,경기도 의왕시 성고개로59,오전 9시 ~ 오후 6시
2026.2.3,Canvas/JavaScript 기반 웹 에디터 풀스택 개발(재택 협의),2026.2.17,풀스택 개발자,미드 레벨,4~7년 차,15000000.00000000000000000000,5000000,90,사내 프로젝트에 필요한 인력을 구인합니다.,신규 프로젝트에 필요한 작업자를 구인하고 있습니다.,서비스업,경기도 파주시 법원읍,주 40시간 탄력근무(자율 출퇴근)
2026.2.3,글로벌 SaaS 프로젝트 관리 솔루션 커스터마이징 PM,2026.2.9,PM (프로덕트 매니저),시니어,8~10년 차,40000000.00000000000000000000,10000000,120,발주처에게서 수주한 프로젝트에 필요한 인력을 구인합니다.,신규 프로젝트에 필요한 작업자를 구인하고 있습니다.,IT•정보통신업,서울특별시 강남구 봉은사역 부근,오전 9시 ~ 오후 6시
2026.2.3,WEB OS 서비스의 개발 및 최적화를 위한 기획,2026.2.17,서비스 기획자,미드 레벨,3~5년 차,7999999.999999999999999999998,4000000,60,사내 프로젝트에 필요한 인력을 구인합니다.,신규 프로젝트에 필요한 작업자를 구인하고 있습니다.,IT•정보통신업,경기도 용인시 수지구 포은대로59번길37 시그니처광교1차 610호,오전 9시 ~ 오후 6시
2026.2.3,React Native 기반 사내 HRMS·업무지원 앱 개발 (재택근무),2026.2.17,모바일 앱 개발자,미드 레벨,4~7년 차,15000000.00000000000000000000,5000000,90,사내 프로젝트에 필요한 인력을 구인합니다.,신규 프로젝트에 필요한 작업자를 구인하고 있습니다.,IT•정보통신업,,오전 8시 ~ 오후 5시
2026.2.3,Java/Spring 기반 SI 프로젝트 풀스택 개발 (재택근무),2026.2.17,풀스택 개발자,미드 레벨,4~5년 차,9000000,3000000,90,사내 프로젝트에 필요한 인력을 구인합니다.,결원이 발생하여 작업자를 구인하고 있습니다.,미디어•광고업,,오전 9시 ~ 오후 6시
2026.2.2,AI 인프라 풀스택 개발 (재택근무),2026.2.16,풀스택 개발자,미드 레벨,3~10년 차,18000000,6000000,90,사내 프로젝트에 필요한 인력을 구인합니다.,신규 프로젝트에 필요한 작업자를 구인하고 있습니다.,IT•정보통신업,,주 40시간 탄력근무(자율 출퇴근)
2026.2.2,Java 기반 제조업 운영 프로그램 백엔드 개발,2026.2.16,백엔드 개발자,시니어,5~10년 차,18000000,6000000,90,사내 프로젝트에 필요한 인력을 구인합니다.,신규 프로젝트에 필요한 작업자를 구인하고 있습니다.,제조•생산•화학업,서울특별시 동작구,오전 8시 30분 ~ 오후 5시 30분
2026.2.2,제품 판매화 편집 디자인,2026.2.16,콘텐츠 디자이너,주니어,1~3년 차,36000000,3000000,360,사내 프로젝트에 필요한 인력을 구인합니다.,신규 프로젝트에 필요한 작업자를 구인하고 있습니다.,제조•생산•화학업,경기도 광명시 소하로 190 ,오전 10시 ~ 오후 5시 30분
2026.2.2,금융 IT 프로젝트 매니저(주 2일 재택 가능),2026.2.4,PM (프로젝트 매니저),미드 레벨,5~8년 차,35000000.00000000000000000000,7000000,150,발주처에게서 수주한 프로젝트에 필요한 인력을 구인합니다.,신규 프로젝트에 필요한 작업자를 구인하고 있습니다.,금융•은행업,부산광역시 강서구 미음산단로127번길 21,오전 9시 ~ 오후 6시
2026.2.2,삼성전자GMO GCP  데이터 엔지니어,2026.2.24,데이터 엔지니어,시니어,6~12년 차,71500000.00000000000000000001,6500000,330,발주처에게서 수주한 프로젝트에 필요한 인력을 구인합니다.,신규 프로젝트에 필요한 작업자를 구인하고 있습니다.,IT•정보통신업,"서울특별시 서초구 반포대로 13 (서초동, 아이티센빌딩)",오전 9시 ~ 오후 6시
2026.2.2,삼성전자GMO GCP 운영 TA,2026.2.21,TA (테크니컬 아키텍트),시니어,8~12년 차,82500000,7500000,330,발주처에게서 수주한 프로젝트에 필요한 인력을 구인합니다.,신규 프로젝트에 필요한 작업자를 구인하고 있습니다.,IT•정보통신업,"서울특별시 서초구 반포대로 13 (서초동, 아이티센빌딩)",오전 9시 ~ 오후 6시
2026.2.2,삼성전자MCM GoLang 백엔드 개발자,2026.2.2,백엔드 개발자,시니어,6~12년 차,88000000.00000000000000000001,8000000,330,발주처에게서 수주한 프로젝트에 필요한 인력을 구인합니다.,신규 프로젝트에 필요한 작업자를 구인하고 있습니다.,IT•정보통신업,"서울특별시 서초구 반포대로 13 (서초동, 아이티센빌딩)",오전 9시 ~ 오후 6시
2026.2.2,FPGA 기반 신호처리 알고리즘 임베디드 개발 (재택근무),2026.2.4,풀스택 개발자,미드 레벨,3~5년 차,3500000.000000000000000000001,3500000,30,사내 프로젝트에 필요한 인력을 구인합니다.,신규 프로젝트에 필요한 작업자를 구인하고 있습니다.,IT•정보통신업,서울특별시 강서구 마곡,오전 9시 ~ 오후 6시
2026.1.30,데이터 수집 및 API 백엔드 개발 (Python/Node.js/Java 중 택 1),2026.2.13,백엔드 개발자,미드 레벨,3~5년 차,7999999.999999999999999999998,4000000,60,사내 프로젝트에 필요한 인력을 구인합니다.,기존 팀에 작업자를 추가 증원하려 합니다.,IT•정보통신업,서울특별시 영등포구 오투타워,오전 10시 ~ 오후 7시
2026.1.30,Nexacro/Java기반 학사/입시/행정시스템 유지보수 개발(재택근무),2026.2.13,풀스택 개발자,미드 레벨,3~5년 차,33000000,3000000,330,사내 프로젝트에 필요한 인력을 구인합니다.,신규 프로젝트에 필요한 작업자를 구인하고 있습니다.,교육업,경상북도 문경시 경상북도 문경시 호계면 대학길 161,오전 9시 ~ 오후 6시
2026.2.2,기 제작된 React 기반 웹 수정 및 유지보수(재택 근무),2026.2.13,프론트엔드 개발자,미드 레벨,4~5년 차,15000000.00000000000000000000,5000000,90,사내 프로젝트에 필요한 인력을 구인합니다.,신규 프로젝트에 필요한 작업자를 구인하고 있습니다.,서비스업,,오전 9시 ~ 오후 6시
2026.2.2,기 제작된 PUG 기반 웹 수정 및 유지보수(재택 근무),2026.2.13,프론트엔드 개발자,미드 레벨,4~5년 차,15000000.00000000000000000000,5000000,90,사내 프로젝트에 필요한 인력을 구인합니다.,신규 프로젝트에 필요한 작업자를 구인하고 있습니다.,서비스업,,오전 9시 ~ 오후 6시
2026.1.30,고객 관리 서비스 백엔드 개발,2026.2.13,백엔드 개발자,미드 레벨,4~5년 차,13500000,4500000,90,사내 프로젝트에 필요한 인력을 구인합니다.,기존 팀에 작업자를 추가 증원하려 합니다.,IT•정보통신업,서울특별시 영등포구 오투타워 ,오전 10시 ~ 오후 7시
2026.1.30,Kotlin 기반 통화상태 감지 안드로이드 앱 개발,2026.2.13,Android 개발자,미드 레벨,3~7년 차,18000000,6000000,90,사내 프로젝트에 필요한 인력을 구인합니다.,신규 프로젝트에 필요한 작업자를 구인하고 있습니다.,IT•정보통신업,경기도 고양시 덕양구 미팅 시 공유,오전 9시 ~ 오후 6시
2026.2.2,융자 업무 기간계/체널계 대응 JAVA 개발,2026.2.16,백엔드 개발자,"시니어,테크 리드","8~10년 차,11년 차 이상",64000000.00000000000000000001,8000000,240,발주처에게서 수주한 프로젝트에 필요한 인력을 구인합니다.,신규 프로젝트에 필요한 작업자를 구인하고 있습니다.,금융•은행업,서울특별시 영등포구 여의도,오전 9시 ~ 오후 6시
2026.1.30,대형 커머스 UX PM 고도화 운영 (재택근무),2026.2.13,PM (프로덕트 매니저),시니어,3~15년 차,41999999.99999999999999999999,7000000,180,발주처에게서 수주한 프로젝트에 필요한 인력을 구인합니다.,결원이 발생하여 작업자를 구인하고 있습니다.,판매•유통업,,오전 9시 ~ 오후 6시
2026.1.30,바이오/헬스케어 시스템 Web 플랫폼 전환 서비스 기획/PM,2026.2.12,UX 기획자,시니어,3~15년 차,69999999.99999999999999999999,7000000,300,사내 프로젝트에 필요한 인력을 구인합니다.,신규 프로젝트에 필요한 작업자를 구인하고 있습니다.,의료•제약업,서울특별시 송파구 KT송파타워,오전 8시 30분 ~ 오후 5시 30분
2026.1.30,바이오 및 헬스케어 통합 시스템 UI 디자인,2026.2.12,UI/UX 디자이너,시니어,3~15년 차,65000000.00000000000000000001,6500000,300,사내 프로젝트에 필요한 인력을 구인합니다.,신규 프로젝트에 필요한 작업자를 구인하고 있습니다.,의료•제약업,서울특별시 송파구 KT 송파타워,오전 8시 34분 ~ 오후 5시 30분
2026.1.30,Jira/Confluence 기반 금융사 업무 협업 방식 개선 및 제안,2026.2.13,서비스 기획자,시니어,8~10년 차,24000000.00000000000000000000,8000000,90,발주처에게서 수주한 프로젝트에 필요한 인력을 구인합니다.,신규 프로젝트에 필요한 작업자를 구인하고 있습니다.,IT•정보통신업,서울특별시 영등포구 국제금융로56,오전 8시 ~ 오후 5시
2026.2.6,PDA/MES 웹 파트 프런트 및 백엔드 개발 (협의 후 재택 조율 가능),2026.2.20,풀스택 개발자,시니어,4~7년 차,36000000,6000000,180,발주처에게서 수주한 프로젝트에 필요한 인력을 구인합니다.,신규 프로젝트에 필요한 작업자를 구인하고 있습니다.,의료•제약업,대구광역시 달성군 다사읍 세천로7길 45,오전 9시 ~ 오후 6시
2026.1.30,금융 IT 프로젝트 매니저(PM),2026.2.2,PM (프로젝트 매니저),시니어,5~15년 차,40000000.00000000000000000000,10000000,120,발주처에게서 수주한 프로젝트에 필요한 인력을 구인합니다.,신규 프로젝트에 필요한 작업자를 구인하고 있습니다.,금융•은행업,부산광역시 강서구 미음산단로127번길 21,오전 9시 ~ 오후 6시
2026.1.30,vue2/Spring Boot 기반 유통업 WMS 풀스택 개발,2026.2.13,풀스택 개발자,시니어,5~10년 차,26000000.00000000000000000000,6500000,120,발주처에게서 수주한 프로젝트에 필요한 인력을 구인합니다.,신규 프로젝트에 필요한 작업자를 구인하고 있습니다.,IT•정보통신업,서울특별시 강서구 양천로 570,오전 9시 ~ 오후 6시
2026.1.29,스마트 매장 운영 솔루션 UX 기획,2026.2.4,UX 기획자,미드 레벨,5~10년 차,65999999.99999999999999999999,5500000,360,사내 프로젝트에 필요한 인력을 구인합니다.,결원이 발생하여 작업자를 구인하고 있습니다.,IT•정보통신업,서울특별시 강남구 도산대로6길 12,오전 9시 ~ 오후 6시
2026.1.29,공공 SI 사업 정보보안 컨설팅 및 인프라 보안,2026.1.30,클라우드 보안 엔지니어,"테크 리드,미드 레벨","12년 차 이상,4~7년 차",50999999.99999999999999999999,8500000,180,발주처에게서 수주한 프로젝트에 필요한 인력을 구인합니다.,신규 프로젝트에 필요한 작업자를 구인하고 있습니다.,판매•유통업,서울특별시 종로구 종로5가 프로젝트 룸 사무실,오전 9시 30분 ~ 오후 6시 30분
2026.1.29,C# .NET Core 기반 레거시 시스템 전환 분석 및 구현,2026.2.19,풀스택 개발자,미드 레벨,4~10년 차,39000000.00000000000000000001,6500000,180,발주처에게서 수주한 프로젝트에 필요한 인력을 구인합니다.,기존 팀에 작업자를 추가 증원하려 합니다.,제조•생산•화학업,경기도 오산시 가장산업동로 37 아모레퍼시픽 오산공장,오전 8시 30분 ~ 오후 5시 30분
2026.1.29,Node Red 기반 데이터 수집 및 사용자 대시보드 개발(주 2.5일 근무/재택 협의 가능),2026.2.9,PL (프로젝트 리더),미드 레벨,경력 무관,7500000.000000000000000000000,2500000,90,사내 프로젝트에 필요한 인력을 구인합니다.,신규 프로젝트에 필요한 작업자를 구인하고 있습니다.,건설업,경기도 하남시 감일백제로97 ( 재택 협의 가능 ) ,주 20시간 탄력근무(자율 출퇴근)
2026.1.29,.Net MVC 기반 사내 포탈 개발 및 유지보수,2026.2.12,풀스택 개발자,미드 레벨,4~8년 차,36000000,6000000,180,발주처에게서 수주한 프로젝트에 필요한 인력을 구인합니다.,기존 팀에 작업자를 추가 증원하려 합니다.,제조•생산•화학업,경기도 용인시 기흥구 삼성전자 사업장,오전 9시 ~ 오후 6시
2026.1.29,Java/Spring 기반 위치기반 서비스 웹 개발 (4일 재택근무),2026.2.12,풀스택 개발자,미드 레벨,4~5년 차,7000000.000000000000000000002,3500000,60,사내 프로젝트에 필요한 인력을 구인합니다.,신규 프로젝트에 필요한 작업자를 구인하고 있습니다.,IT•정보통신업,서울특별시 강남구 미팅 시 공유,오전 9시 ~ 오후 6시
2026.1.29,API 연동 및 데이터 가공 시스템 백엔드 리드 개발,2026.2.12,풀스택 개발자,미드 레벨,4~7년 차,30000000.00000000000000000001,5000000,180,사내 프로젝트에 필요한 인력을 구인합니다.,신규 프로젝트에 필요한 작업자를 구인하고 있습니다.,IT•정보통신업,서울특별시 관악구 구로디지털단지역 부근,오전 10시 ~ 오후 7시
2026.2.2,웹 기반 차량 외관 검사 시스템 풀스택 개발,2026.2.11,풀스택 개발자,미드 레벨,4~7년 차,5000000.000000000000000000001,5000000,30,사내 프로젝트에 필요한 인력을 구인합니다.,신규 프로젝트에 필요한 작업자를 구인하고 있습니다.,IT•정보통신업,서울특별시 강남구 미팅 시 공유,오전 9시 ~ 오후 6시
2026.1.28,Python/LangChain 기반 LLM 애플리케이션 AI 기능 개발,2026.2.4,AI/ML/Data 엔지니어,미드 레벨,1~15년 차,41999999.99999999999999999999,7000000,180,사내 프로젝트에 필요한 인력을 구인합니다.,신규 프로젝트에 필요한 작업자를 구인하고 있습니다.,IT•정보통신업,서울특별시 성동구 연무장 5길 9-16,오전 9시 ~ 오후 6시
2026.1.28,Next 프런트엔드 개발,2026.2.11,프론트엔드 개발자,미드 레벨,3~5년 차,3500000.000000000000000000001,3500000,30,사내 프로젝트에 필요한 인력을 구인합니다.,신규 프로젝트에 필요한 작업자를 구인하고 있습니다.,의료•제약업,서울특별시 마포구 홍대 or 대구 대구은행 부근 or 경남 부산대양산병원 부근 중 택 1 ,오전 9시 ~ 오후 6시
2026.1.28,Azure/CosmosDB 기반 갤럭시스토어 DBA,2026.2.11,DBA,테크 리드,11년 차 이상,34000000.00000000000000000000,8500000,120,발주처에게서 수주한 프로젝트에 필요한 인력을 구인합니다.,기존 팀에 작업자를 추가 증원하려 합니다.,IT•정보통신업,서울특별시 구로구 신도림 디큐브시티 오피스동,오전 9시 ~ 오후 6시
2026.1.28,LMS 플랫폼 신규 과제 개발(풀스택),2026.2.20,풀스택 개발자,시니어,6~12년 차,21000000.00000000000000000000,7000000,90,발주처에게서 수주한 프로젝트에 필요한 인력을 구인합니다.,신규 프로젝트에 필요한 작업자를 구인하고 있습니다.,IT•정보통신업,서울특별시 강서구 LG사이언스파크(발산),오전 9시 ~ 오후 6시
2026.1.28,Flutter 기반 위치기반 업체 중계/광고 플랫폼 앱 개발,2026.1.29,모바일 앱 개발자,미드 레벨,4~5년 차,7999999.999999999999999999998,4000000,60,사내 프로젝트에 필요한 인력을 구인합니다.,신규 프로젝트에 필요한 작업자를 구인하고 있습니다.,IT•정보통신업,서울특별시 강남구 미팅 시 공유,오전 9시 ~ 오후 6시
2026.1.27,C++/Raspberry Pi 기반 농업 IoT 통신 모듈 리팩토링 (재택 협의),2026.2.5,SA (소프트웨어 아키텍트),시니어,8~10년 차,12000000,6000000,60,사내 프로젝트에 필요한 인력을 구인합니다.,,제조•생산•화학업,"서울특별시 서초구 효령로 17, 2층",주 40시간 탄력근무(자율 출퇴근)
2026.1.28,Excel 기반 매크로 프로그램 시각화 개선 및 적용,2026.2.11,UX 기획자,주니어,1~3년 차,6000000,3000000,60,사내 프로젝트에 필요한 인력을 구인합니다.,신규 프로젝트에 필요한 작업자를 구인하고 있습니다.,제조•생산•화학업,인천광역시 서구 청라 SK V1 820호,오전 8시 30분 ~ 오후 5시 30분
2026.1.28,이민 수속 고객관리 CRM 백엔드 개발,2026.1.30,백엔드 개발자,미드 레벨,4~5년 차,9000000,4500000,60,사내 프로젝트에 필요한 인력을 구인합니다.,기존 팀에 작업자를 추가 증원하려 합니다.,IT•정보통신업,서울특별시 영등포구 여의도역 1분거리,오전 10시 ~ 오후 7시
2026.1.27,LLM 기반 AI Agent 아키텍처 설계 및 기술 리딩,2026.2.10,PL (프로젝트 리더),테크 리드,11년 차 이상,41999999.99999999999999999999,7000000,180,발주처에게서 수주한 프로젝트에 필요한 인력을 구인합니다.,신규 프로젝트에 필요한 작업자를 구인하고 있습니다.,IT•정보통신업,서울특별시 서초구,오전 9시 ~ 오후 6시
2026.1.27,Django 기반 선박관리시스템 배포 고도화 및 운영 지원,2026.2.10,풀스택 개발자,시니어,10년 차 이상,120000000.0000000000000000000,10000000,360,발주처에게서 수주한 프로젝트에 필요한 인력을 구인합니다.,신규 프로젝트에 필요한 작업자를 구인하고 있습니다.,제조•생산•화학업,부산광역시 동구 중앙대로 331,오전 9시 ~ 오후 6시
2026.1.27,Django/React 기반 선박관리시스템 개발,2026.2.10,풀스택 개발자,시니어,10년 차 이상,120000000.0000000000000000000,10000000,360,발주처에게서 수주한 프로젝트에 필요한 인력을 구인합니다.,신규 프로젝트에 필요한 작업자를 구인하고 있습니다.,제조•생산•화학업,부산광역시 동구 중앙대로 331,오전 9시 ~ 오후 6시
2026.1.27,Python/Appium 기반 웹 데이터 수집 자동화 시스템 개발,2026.2.10,백엔드 개발자,주니어,1~3년 차,10500000.00000000000000000000,3500000,90,사내 프로젝트에 필요한 인력을 구인합니다.,신규 프로젝트에 필요한 작업자를 구인하고 있습니다.,IT•정보통신업,경기도 시흥시 베니스스퀘어,오전 10시 ~ 오후 7시
2026.1.26,ASP.NET 기반 무인 스터디카페 웹/앱 프론트엔드 개발,2026.2.9,프론트엔드 개발자,"미드 레벨,시니어","4~7년 차,8~10년 차",18000000,6000000,90,사내 프로젝트에 필요한 인력을 구인합니다.,신규 프로젝트에 필요한 작업자를 구인하고 있습니다.,IT•정보통신업,서울특별시 강남구 도산대로6길 12,오전 9시 ~ 오후 6시
2026.1.26,Python/AWS 기반 B2B 연계 시스템 풀스택 개발,2026.2.11,풀스택 개발자,"시니어,미드 레벨","8~10년 차,4~7년 차",34000000.00000000000000000000,6800000,150,발주처에게서 수주한 프로젝트에 필요한 인력을 구인합니다.,기존 팀에 작업자를 추가 증원하려 합니다.,IT•정보통신업,서울특별시 영등포구 여의도,오전 9시 ~ 오후 6시
2026.1.26,Python/React 기반 그룹사 임직원용 LLM 챗봇 서비스 개발 및 유지보수,2026.1.29,풀스택 개발자,시니어,7년 차 이상,15460000.00000000000000000000,7730000,60,사내 프로젝트에 필요한 인력을 구인합니다.,신규 프로젝트에 필요한 작업자를 구인하고 있습니다.,서비스업,서울특별시 강서구 미팅 시 공유,오전 9시 ~ 오후 6시
2026.1.26,Python/FastAPI 기반 AI CRM 통합시스템 백엔드 개발,2026.1.28,백엔드 개발자,미드 레벨,4~5년 차,13500000,4500000,90,사내 프로젝트에 필요한 인력을 구인합니다.,기존 팀에 작업자를 추가 증원하려 합니다.,IT•정보통신업,서울특별시 영등포구 여의도역 1분거리,오전 10시 ~ 오후 7시
2026.1.26,Embedded C 기반 MCU 펌웨어 마이그레이션 및 빌드 정리 (3주 근무),2026.1.30,풀스택 개발자,미드 레벨,5~7년 차,3150000,4500000,21,사내 프로젝트에 필요한 인력을 구인합니다.,신규 프로젝트에 필요한 작업자를 구인하고 있습니다.,IT•정보통신업,서울특별시 성동구 미팅 시 공유,오전 9시 ~ 오후 6시
2026.1.23,B2B 에너지 관리 시스템 UI/UX 디자인 시스템 구축 (재택근무),2026.1.27,UI/UX 디자이너,미드 레벨,2~3년 차,6600000.000000000000000000000,2200000,90,사내 프로젝트에 필요한 인력을 구인합니다.,결원이 발생하여 작업자를 구인하고 있습니다.,IT•정보통신업,,주 40시간 탄력근무(자율 출퇴근)
2026.1.23,웹 플랫폼/자사몰/모바일앱 풀스택 개발(주 2~3일 재택 근무 가능),2026.2.13,풀스택 개발자,미드 레벨,3~5년 차,15000000.00000000000000000000,5000000,90,사내 프로젝트에 필요한 인력을 구인합니다.,신규 프로젝트에 필요한 작업자를 구인하고 있습니다.,IT•정보통신업,인천광역시 연수구 인천대입구역 부근,주 40시간 탄력근무(자율 출퇴근)
2026.1.23,전자장비 제조 컨텐츠 디자이너 모집 (주 4일 근무/ 재택 근무),2026.1.30,그래픽 디자이너,미드 레벨,4~7년 차,18000000,3000000,180,사내 프로젝트에 필요한 인력을 구인합니다.,결원이 발생하여 작업자를 구인하고 있습니다.,,경기도 성남시 분당구 판교,주 32시간 탄력근무(자율 출퇴근)
2026.1.23,Python/LangChain 기반 LLM 애플리케이션 AI 기능 개발,2026.1.28,AI/ML/Data 엔지니어,미드 레벨,1~15년 차,83999999.99999999999999999999,7000000,360,사내 프로젝트에 필요한 인력을 구인합니다.,신규 프로젝트에 필요한 작업자를 구인하고 있습니다.,IT•정보통신업,서울특별시 성동구 연무장 5길 9-16,오전 9시 ~ 오후 6시
2026.1.23,Python 기반 문서 변환 개발,2026.2.6,백엔드 개발자,디렉터,11년 차 이상,75000000,7500000,300,발주처에게서 수주한 프로젝트에 필요한 인력을 구인합니다.,신규 프로젝트에 필요한 작업자를 구인하고 있습니다.,금융•은행업,서울특별시 영등포구 여의도,오전 9시 ~ 오후 6시
2026.1.26,ESP32 기반 의료기기 펌웨어 개발,2026.2.9,풀스택 개발자,시니어,5~10년 차,21000000.00000000000000000000,7000000,90,사내 프로젝트에 필요한 인력을 구인합니다.,기존 팀에 작업자를 추가 증원하려 합니다.,IT•정보통신업,경기도 성남시 분당구 분당구 판교로255번길 58,오전 9시 ~ 오후 6시
2026.1.23,AWS 기반 인프라 온프레미스 마이그레이션 SA,2026.2.11,SA (소프트웨어 아키텍트),테크 리드,10년 차 이상,81000000,9000000,270,발주처에게서 수주한 프로젝트에 필요한 인력을 구인합니다.,결원이 발생하여 작업자를 구인하고 있습니다.,IT•정보통신업,서울특별시 강서구 LG사이언스파크,오전 9시 ~ 오후 6시
2026.1.22,C/텐덤 기반 카드사 승인업무 운영 및 개발,2026.1.27,풀스택 개발자,테크 리드,11년 차 이상,178500000.0000000000000000000,8500000,630,발주처에게서 수주한 프로젝트에 필요한 인력을 구인합니다.,신규 프로젝트에 필요한 작업자를 구인하고 있습니다.,금융•은행업,서울특별시 영등포구 여의도 위치,오전 9시 ~ 오후 6시
2026.1.22,글로벌 커머스 운영  UI/UX 디자인,2026.1.28,UI/UX 디자이너,미드 레벨,4~15년 차,76999999.99999999999999999999,7000000,330,발주처에게서 수주한 프로젝트에 필요한 인력을 구인합니다.,신규 프로젝트에 필요한 작업자를 구인하고 있습니다.,IT•정보통신업,서울특별시 강서구 양천로 증미역(9호선) 근처,오전 8시 30분 ~ 오후 5시 30분
2026.1.22,슈팅 및 카드 게임 UI 디자인,2026.2.5,UI/UX 디자이너,미드 레벨,3~5년 차,11100000.00000000000000000000,3700000,90,사내 프로젝트에 필요한 인력을 구인합니다.,기존 팀에 작업자를 추가 증원하려 합니다.,서비스업,서울특별시 금천구 두산로9길 31,오전 11시 ~ 오후 8시
2026.1.22,React/Canvas기반 보드 플랫폼 프론트엔드 개발(재택 조율 가능),2026.1.28,프론트엔드 개발자,미드 레벨,4~7년 차,18000000,6000000,90,사내 프로젝트에 필요한 인력을 구인합니다.,결원이 발생하여 작업자를 구인하고 있습니다.,IT•정보통신업,"서울특별시 마포구 백범로31길 21 서울창업허브 본관 7층, 725호",오전 10시 ~ 오후 7시
2026.1.22,FDA 기술문서 작성 및 임베디드 장비 유지보수,2026.2.12,풀스택 개발자,미드 레벨,3~6년 차,30000000.00000000000000000001,5000000,180,사내 프로젝트에 필요한 인력을 구인합니다.,기존 팀에 작업자를 추가 증원하려 합니다.,제조•생산•화학업,경기도 수원시 영통구 디지털엠파이어빌딩,오전 9시 ~ 오후 6시
2026.1.22,기존 코드를 Python 코드 템플릿으로 전환 및 React UI 개발,2026.1.30,풀스택 개발자,"시니어,미드 레벨","11~15년 차,6~9년 차",30000000,7500000,120,발주처에게서 수주한 프로젝트에 필요한 인력을 구인합니다.,신규 프로젝트에 필요한 작업자를 구인하고 있습니다.,금융•은행업,서울특별시 영등포구 여의도,오전 9시 ~ 오후 6시
2026.1.22,Python/React 기반 임직원용 LLM 서비스 개발(재택 근무),2026.1.29,풀스택 개발자,시니어,7~15년 차,108000000,9000000,360,사내 프로젝트에 필요한 인력을 구인합니다.,신규 프로젝트에 필요한 작업자를 구인하고 있습니다.,IT•정보통신업,,오전 9시 ~ 오후 6시
2026.1.21,Kotlin 기반 통화상태 감지 안드로이드 앱 개발,2026.1.30,Android 개발자,미드 레벨,3~7년 차,15000000.00000000000000000000,5000000,90,사내 프로젝트에 필요한 인력을 구인합니다.,신규 프로젝트에 필요한 작업자를 구인하고 있습니다.,IT•정보통신업,경기도 고양시 덕양구 미팅 시 공유,오전 9시 ~ 오후 6시
2026.1.21,kotlin/Spring Boot 기반 백오피스 개발,2026.1.28,백엔드 개발자,미드 레벨,4~9년 차,60499999.99999999999999999999,5500000,330,발주처에게서 수주한 프로젝트에 필요한 인력을 구인합니다.,신규 프로젝트에 필요한 작업자를 구인하고 있습니다.,,서울특별시 중구 시청역,오전 9시 ~ 오후 6시
2026.1.21,글로벌 커머스 데이터 기반 운영 기획,2026.1.28,서비스 기획자,시니어,7년 차 이상,76999999.99999999999999999999,7000000,330,발주처에게서 수주한 프로젝트에 필요한 인력을 구인합니다.,기존 팀에 작업자를 추가 증원하려 합니다.,IT•정보통신업,서울특별시 영등포구 여의도,오전 8시 30분 ~ 오후 5시 30분
2026.1.21,Python 기반 마케팅 데이터 사이언티스트,2026.2.11,데이터 사이언티스트,테크 리드,10년 차 이상,121000000.0000000000000000000,11000000,330,발주처에게서 수주한 프로젝트에 필요한 인력을 구인합니다.,신규 프로젝트에 필요한 작업자를 구인하고 있습니다.,IT•정보통신업,서울특별시 영등포구 여의도 트윈타워,오전 9시 ~ 오후 6시
2026.1.22,플랫폼 내 AI 파트 개발(주 2~3일 재택 근무 가능),2026.1.23,AI/ML/Data 엔지니어,미드 레벨,3~5년 차,15000000.00000000000000000000,5000000,90,사내 프로젝트에 필요한 인력을 구인합니다.,신규 프로젝트에 필요한 작업자를 구인하고 있습니다.,IT•정보통신업,인천광역시 연수구 인천대입구역 부근,주 40시간 탄력근무(자율 출퇴근)
2026.1.21,Figma기반 게임 프로젝트 UX/UI 디자인(주 3일 재택/2일 상주),2026.2.4,UI/UX 디자이너,미드 레벨,4~9년 차,30000000.00000000000000000001,5000000,180,사내 프로젝트에 필요한 인력을 구인합니다.,신규 프로젝트에 필요한 작업자를 구인하고 있습니다.,,경기도 성남시 분당구 백현동 그레이츠 판교 14층,일 6시간 탄력근무(자율 출퇴근)
2026.1.21,React/Vue.js기반 서비스 프론트엔드 개발 (주 3일 재택 조율),2026.2.11,프론트엔드 개발자,미드 레벨,5~5년 차,12000000.00000000000000000000,4000000,90,사내 프로젝트에 필요한 인력을 구인합니다.,기존 팀에 작업자를 추가 증원하려 합니다.,교육업,서울특별시 강남구 역삼로 17길 57,오전 10시 ~ 오후 7시
2026.1.21,Figma 기반 내부 서비스 UI/UX 디자인 고도화,2026.2.3,UI/UX 디자이너,미드 레벨,5~7년 차,12000000.00000000000000000000,4000000,90,사내 프로젝트에 필요한 인력을 구인합니다.,기존 팀에 작업자를 추가 증원하려 합니다.,교육업,서울특별시 강남구 역삼역 인근 ,주 40시간 탄력근무(자율 출퇴근)
2026.1.20,Java/Spring 기반 커피 프랜차이즈 앱  풀스택 개발,2026.2.20,풀스택 개발자,시니어,8~10년 차,36000000,6000000,180,발주처에게서 수주한 프로젝트에 필요한 인력을 구인합니다.,기존 팀에 작업자를 추가 증원하려 합니다.,IT•정보통신업,서울특별시 용산구 한강대로372,오전 9시 ~ 오후 6시
2026.1.20,하이브리드 앱 모바일 Native 파트 기능 개발 (재택 근무 가능),2026.2.3,모바일 앱 개발자,미드 레벨,3~5년 차,12000000.00000000000000000000,4000000,90,사내 프로젝트에 필요한 인력을 구인합니다.,신규 프로젝트에 필요한 작업자를 구인하고 있습니다.,IT•정보통신업,서울특별시 강남구 봉은사역 도보 5분 이내 오피스(삼성역에서는 도보 10-15분 가량),오전 10시 ~ 오후 7시
2026.1.20,대용량 데이터베이스 운영 DBA (AWS·Valky·Redis),2026.2.17,DBA,시니어,10년 차 이상,90000000,7500000,360,사내 프로젝트에 필요한 인력을 구인합니다.,신규 프로젝트에 필요한 작업자를 구인하고 있습니다.,IT•정보통신업,서울특별시 강서구 마곡,오전 9시 ~ 오후 6시
2026.1.20,경영관리 시스템 UI/UX 기획,2026.1.29,UI/UX 기획자,미드 레벨,4~12년 차,18000000,6000000,90,사내 프로젝트에 필요한 인력을 구인합니다.,신규 프로젝트에 필요한 작업자를 구인하고 있습니다.,,경기도 이천시 부발읍,오전 9시 ~ 오후 6시
2026.1.20,Android/Java Spring 모니터링 시스템 유지보수(앱/백엔드 풀스택),2026.2.3,풀스택 개발자,"주니어,미드 레벨,시니어","1~5년 차,6~9년 차,10~12년 차",83999999.99999999999999999999,7000000,360,사내 프로젝트에 필요한 인력을 구인합니다.,기존 팀에 작업자를 추가 증원하려 합니다.,제조•생산•화학업,서울특별시 송파구,오전 8시 ~ 오후 5시
2026.1.20,PHP 기반 홈페이지 풀스택 개발,2026.2.3,풀스택 개발자,미드 레벨,4~7년 차,15000000.00000000000000000000,5000000,90,사내 프로젝트에 필요한 인력을 구인합니다.,기존 팀에 작업자를 추가 증원하려 합니다.,의료•제약업,서울특별시 강서구 미팅 시 공유,오전 9시 ~ 오후 6시
2026.1.20,Oracle 기반 관리 시스템 DBA,2026.2.3,DBA,주니어,1~5년 차,40000000.00000000000000000001,5000000,240,발주처에게서 수주한 프로젝트에 필요한 인력을 구인합니다.,신규 프로젝트에 필요한 작업자를 구인하고 있습니다.,IT•정보통신업,대전광역시 서구 만년동,오전 9시 ~ 오후 6시
2026.1.20,Web 기반 풀필먼트 서비스 고도화 기획,2026.2.3,서비스 기획자,시니어,7~10년 차,16500000.00000000000000000000,5500000,90,사내 프로젝트에 필요한 인력을 구인합니다.,신규 프로젝트에 필요한 작업자를 구인하고 있습니다.,판매•유통업,서울특별시 성북구 성북동,오전 9시 ~ 오후 6시
2026.1.19,"글로벌 커머스 앱/웹 구축 프로젝트 PM(주5일 근무, 주4일 재택)",2026.2.2,PM (프로덕트 매니저),미드 레벨,4~7년 차,16000000.00000000000000000000,4000000,120,사내 프로젝트에 필요한 인력을 구인합니다.,신규 프로젝트에 필요한 작업자를 구인하고 있습니다.,판매•유통업,경기도 남양주시 수동면 지둔로58-5,오전 9시 ~ 오후 6시
2026.1.20,React 프런트엔드 개발(퍼블리싱 포함),2026.2.1,프론트엔드 개발자,미드 레벨,4~7년 차,18000000,6000000,90,발주처에게서 수주한 프로젝트에 필요한 인력을 구인합니다.,신규 프로젝트에 필요한 작업자를 구인하고 있습니다.,IT•정보통신업,경기도 성남시 분당구 두산타워,오전 8시 30분 ~ 오후 5시 30분
2026.1.19,React 기반 Perp Dex 거래소 프론트엔드 개발,2026.2.2,프론트엔드 개발자,시니어,6~10년 차,6000000,6000000,30,발주처에게서 수주한 프로젝트에 필요한 인력을 구인합니다.,기존 팀에 작업자를 추가 증원하려 합니다.,IT•정보통신업,서울특별시 강남구 영동대로 106길5 아이파크타워2,오전 9시 ~ 오후 6시
2026.1.20,React/TypeScript 기반 AI 이민 수속·CRM 시스템 개발,2026.2.3,프론트엔드 개발자,주니어,2~5년 차,12000000.00000000000000000000,4000000,90,사내 프로젝트에 필요한 인력을 구인합니다.,기존 팀에 작업자를 추가 증원하려 합니다.,IT•정보통신업,서울특별시 영등포구 오투타워,오전 10시 ~ 오후 7시
2026.1.19,Python 기반 대화형 AI Agent 및 추천 시스템 개발,2026.2.2,백엔드 개발자,미드 레벨,4~7년 차,12000000,6000000,60,사내 프로젝트에 필요한 인력을 구인합니다.,기존 팀에 작업자를 추가 증원하려 합니다.,IT•정보통신업,서울특별시 영등포구 여의도,오전 10시 ~ 오후 7시
2026.1.19,AI 기반 통합 시스템 서비스 및 UI/UX 기획,2026.2.2,서비스 기획자,미드 레벨,4~7년 차,10000000.00000000000000000000,5000000,60,사내 프로젝트에 필요한 인력을 구인합니다.,기존 팀에 작업자를 추가 증원하려 합니다.,서비스업,서울특별시 영등포구 여의도,오전 10시 ~ 오후 7시
2026.1.19,Python 기반 AI 통합 시스템 머신러닝 개발,2026.2.2,머신러닝 엔지니어,미드 레벨,4~7년 차,12000000,6000000,60,사내 프로젝트에 필요한 인력을 구인합니다.,기존 팀에 작업자를 추가 증원하려 합니다.,서비스업,서울특별시 영등포구 여의도,오전 10시 ~ 오후 7시
2026.1.16,Nexacro/Java 기반 학사/입시/행정시스템 유지보수 개발 ,2026.1.30,풀스택 개발자,미드 레벨,3~5년 차,38500000.00000000000000000001,3500000,330,사내 프로젝트에 필요한 인력을 구인합니다.,신규 프로젝트에 필요한 작업자를 구인하고 있습니다.,교육업,경상북도 문경시 경상북도 문경시 호계면 대학길 161,오전 9시 ~ 오후 6시
2026.1.15,한솔PNS Vue2/Spring Boot 기반 지류유통 고지 납품 프로세스 개발,2026.1.29,풀스택 개발자,시니어,5~10년 차,12000000,6000000,60,발주처에게서 수주한 프로젝트에 필요한 인력을 구인합니다.,신규 프로젝트에 필요한 작업자를 구인하고 있습니다.,IT•정보통신업,서울특별시 강서구 양천로 570,오전 9시 ~ 오후 6시
2026.1.15,SK하이닉스 Java/Spring 기반 반도체 자산관리 시스템 백엔드 개발,2026.1.29,백엔드 개발자,시니어,11~20년 차,82500000,7500000,330,발주처에게서 수주한 프로젝트에 필요한 인력을 구인합니다.,신규 프로젝트에 필요한 작업자를 구인하고 있습니다.,제조•생산•화학업,경기도 이천시 부발읍 경충대로 2091,오전 9시 ~ 오후 6시
2026.1.15, React Native 기반 사내 HRMS 통합 앱 개발(주 5일 재택),2026.1.29,모바일 앱 개발자,미드 레벨,4~7년 차,10000000.00000000000000000000,5000000,60,사내 프로젝트에 필요한 인력을 구인합니다.,기존 팀에 작업자를 추가 증원하려 합니다.,IT•정보통신업,,오전 8시 ~ 오후 5시
2026.1.15,React/Next기반 물류 관제 시스템 프론트엔드 개발 (재택근무),2026.1.29,프론트엔드 개발자,미드 레벨,4~7년 차,7999999.999999999999999999998,4000000,60,사내 프로젝트에 필요한 인력을 구인합니다.,신규 프로젝트에 필요한 작업자를 구인하고 있습니다.,제조•생산•화학업,,오전 8시 ~ 오후 5시
2026.1.15,React Native 기반 인사관리 앱 유지보수 및 신규 기능 개발,2026.1.29,Android 개발자,미드 레벨,4~7년 차,15000000.00000000000000000000,5000000,90,사내 프로젝트에 필요한 인력을 구인합니다.,결원이 발생하여 작업자를 구인하고 있습니다.,제조•생산•화학업,서울특별시 중구 퇴계로 41길 6,오전 9시 ~ 오후 6시
2026.1.15,JAVA/전자정부 기반 솔루션 기능개선 및 유지보수(SM),2026.1.29,풀스택 개발자,미드 레벨,3~5년 차,43999999.99999999999999999999,4000000,330,발주처에게서 수주한 프로젝트에 필요한 인력을 구인합니다.,신규 프로젝트에 필요한 작업자를 구인하고 있습니다.,IT•정보통신업,서울특별시 마포구 마포구 내,오전 9시 ~ 오후 6시
2026.1.15,Python 기반 현미경 제어 소프트웨어 개발,2026.1.23,풀스택 개발자,시니어,8~12년 차,18000000,6000000,90,사내 프로젝트에 필요한 인력을 구인합니다.,신규 프로젝트에 필요한 작업자를 구인하고 있습니다.,IT•정보통신업,경기도 남양주시 별내동 순화궁로 272,오전 9시 ~ 오후 6시
2026.1.15,O2O 플랫폼 상세 기획 및 UI/UX 디자인 (재택근무 주 1회),2026.1.22,UI/UX 디자이너,미드 레벨,4~7년 차,7999999.999999999999999999998,4000000,60,발주처에게서 수주한 프로젝트에 필요한 인력을 구인합니다.,신규 프로젝트에 필요한 작업자를 구인하고 있습니다.,교육업,경기도 고양시 덕양구 원당역 인근,주 40시간 탄력근무(자율 출퇴근)
2026.1.15,Unreal Engine 5 기반 게임 개발 (주 30시간 상주 근무),2026.1.21,백엔드 개발자,미드 레벨,4~7년 차,3500000.000000000000000000001,3500000,30,사내 프로젝트에 필요한 인력을 구인합니다.,기존 팀에 작업자를 추가 증원하려 합니다.,IT•정보통신업,서울특별시 강남구 서초이즈타워 607호,주 30시간 탄력근무(자율 출퇴근)
2026.1.14,React Native/Android 기반 공장 물류 관제 시스템 앱 개발(주 5일 재택),2026.1.28,모바일 앱 개발자,미드 레벨,4~7년 차,10000000.00000000000000000000,5000000,60,사내 프로젝트에 필요한 인력을 구인합니다.,신규 프로젝트에 필요한 작업자를 구인하고 있습니다.,제조•생산•화학업,,오전 9시 ~ 오후 6시
2026.1.16,WEB OS 서비스의 개발 및 최적화를 위한 기획 (주 2회 재택근무),2026.1.30,서비스 기획자,미드 레벨,3~5년 차,7999999.999999999999999999998,4000000,60,사내 프로젝트에 필요한 인력을 구인합니다.,신규 프로젝트에 필요한 작업자를 구인하고 있습니다.,IT•정보통신업,경기도 용인시 수지구 포은대로59번길37 시그니처광교1차 610호,오전 9시 ~ 오후 6시
2026.1.14,Python 기반 사내 ERP 시스템 풀스택 개발,2026.1.28,풀스택 개발자,미드 레벨,7~15년 차,22500000,7500000,90,사내 프로젝트에 필요한 인력을 구인합니다.,기존 팀에 작업자를 추가 증원하려 합니다.,IT•정보통신업,,오전 8시 ~ 오후 5시
2026.1.14,React Native 기반 금융 앱 신규 개발,2026.1.27,프론트엔드 개발자,시니어,8~10년 차,41999999.99999999999999999999,7000000,180,사내 프로젝트에 필요한 인력을 구인합니다.,결원이 발생하여 작업자를 구인하고 있습니다.,금융•은행업,경기도 성남시 분당구 판교역 부근,오전 10시 ~ 오후 7시
2026.1.14,Unity 기반 인터랙티브 안전 체험관 콘텐츠 개발 (재택근무 협의),2026.1.28,풀스택 개발자,미드 레벨,4~7년 차,20000000.00000000000000000000,5000000,120,사내 프로젝트에 필요한 인력을 구인합니다.,기존 팀에 작업자를 추가 증원하려 합니다.,IT•정보통신업,경기도 성남시 수정구 미팅 시 공유,오전 9시 ~ 오후 6시
2026.1.14,React 기반 제조용 시스템 프론트엔드 개발,2026.1.28,프론트엔드 개발자,미드 레벨,5~7년 차,15000000.00000000000000000000,5000000,90,발주처에게서 수주한 프로젝트에 필요한 인력을 구인합니다.,기존 팀에 작업자를 추가 증원하려 합니다.,제조•생산•화학업,서울특별시 강남구 강남역 인근 ,오전 9시 ~ 오후 6시
2026.1.14,Spring 기반 현대중공업 방문관리 시스템 백엔드 개발,2026.1.28,백엔드 개발자,미드 레벨,5~9년 차,22000000.00000000000000000000,5500000,120,발주처에게서 수주한 프로젝트에 필요한 인력을 구인합니다.,기존 팀에 작업자를 추가 증원하려 합니다.,IT•정보통신업,울산광역시 동구 현대중공업,오전 9시 ~ 오후 6시
2026.1.13,Kotlin/Android 기반 모바일 앱 개발,2026.1.27,Android 개발자,미드 레벨,3~5년 차,12000000.00000000000000000000,4000000,90,사내 프로젝트에 필요한 인력을 구인합니다.,신규 프로젝트에 필요한 작업자를 구인하고 있습니다.,IT•정보통신업,인천광역시 미추홀구 경인로 347 국제빌딩 6층,오전 9시 ~ 오후 6시
2026.1.13,스마트 매장 운영 솔루션 UX 기획,2026.1.27,UX 기획자,미드 레벨,5~10년 차,65999999.99999999999999999999,5500000,360,사내 프로젝트에 필요한 인력을 구인합니다.,결원이 발생하여 작업자를 구인하고 있습니다.,IT•정보통신업,서울특별시 강남구 도산대로6길 12,오전 9시 ~ 오후 6시
2026.1.13,공공기관 AI 시스템 사업관리 PM,2026.1.27,PM (프로덕트 매니저),디렉터,11년 차 이상,48000000.00000000000000000001,8000000,180,발주처에게서 수주한 프로젝트에 필요한 인력을 구인합니다.,결원이 발생하여 작업자를 구인하고 있습니다.,IT•정보통신업,부산광역시 해운대구 마린시티2로 38,오전 9시 ~ 오후 6시
2026.1.14,하이브리드 앱의 모바일 Native 파트 기능 개발,2026.1.20,모바일 앱 개발자,미드 레벨,3~5년 차,12000000.00000000000000000000,4000000,90,사내 프로젝트에 필요한 인력을 구인합니다.,신규 프로젝트에 필요한 작업자를 구인하고 있습니다.,IT•정보통신업,서울특별시 강남구 봉은사역 도보 5분 이내 오피스(삼성역에서는 도보 10-15분 가량),오전 9시 ~ 오후 6시
2026.1.13,Figma 기반 금융서비스 UI/UX 설계 및 개선 기획,2026.1.27,UI/UX 기획자,시니어,6~12년 차,66000000,6000000,330,사내 프로젝트에 필요한 인력을 구인합니다.,기존 팀에 작업자를 추가 증원하려 합니다.,금융•은행업,부산광역시 남구 국제금융센터,오전 9시 ~ 오후 6시
2026.1.12,Figma 기반 HR/Payroll 연말정산 시스템 UI/UX 디자인,2026.2.9,UI/UX 디자이너,미드 레벨,4~7년 차,9000000,4500000,60,사내 프로젝트에 필요한 인력을 구인합니다.,신규 프로젝트에 필요한 작업자를 구인하고 있습니다.,IT•정보통신업,서울특별시 영등포구 IFC One,오전 9시 ~ 오후 6시
2026.1.12,NestJS 기반 헬스케어 서비스 백엔드 개발 (재택근무 조율 가능),2026.1.26,백엔드 개발자,미드 레벨,4~7년 차,15000000.00000000000000000000,5000000,90,사내 프로젝트에 필요한 인력을 구인합니다.,기존 팀에 작업자를 추가 증원하려 합니다.,,서울특별시 관악구,주 40시간 탄력근무(자율 출퇴근)
2026.1.12,반응형웹 UI/UX 설계 및 디자인(재택/근로계약/3주),2026.2.1,UI/UX 디자이너,미드 레벨,4~7년 차,1400000.000000000000000000000,2000000,21,사내 프로젝트에 필요한 인력을 구인합니다.,신규 프로젝트에 필요한 작업자를 구인하고 있습니다.,IT•정보통신업,,오전 9시 ~ 오후 6시
2026.1.14,Java/JSP 기반 손해보험사 시스템 유지보수,2026.1.21,백엔드 개발자,미드 레벨,4~7년 차,72000000,6000000,360,발주처에게서 수주한 프로젝트에 필요한 인력을 구인합니다.,결원이 발생하여 작업자를 구인하고 있습니다.,금융•은행업,서울특별시 중구 소월로 3 에티버스타워,오전 9시 ~ 오후 6시
2026.1.12,온라인 교육 플랫폼 서비스 기획 및 UI/UX 기획 (재택 근무 / 근무 시간 협의),2026.2.2,UI/UX 기획자,미드 레벨,4~7년 차,16000000.00000000000000000000,4000000,120,사내 프로젝트에 필요한 인력을 구인합니다.,신규 프로젝트에 필요한 작업자를 구인하고 있습니다.,교육업,,오전 9시 ~ 오후 6시
2026.1.12,산업(보안) 분야에 특화된 AI 에이전트 서비스 PO(프로덕트 오너),2026.1.25,PO (프로덕트 오너),"테크 리드,미드 레벨","5년 차 이상,1~3년 차",30000000.00000000000000000001,5000000,180,사내 프로젝트에 필요한 인력을 구인합니다.,기존 팀에 작업자를 추가 증원하려 합니다.,IT•정보통신업,서울특별시 강남구 역삼로180,오전 10시 ~ 오후 7시
2026.1.12,반응형웹 퍼블리싱(재택/근로계약/1개월),2026.2.1,퍼블리셔,미드 레벨,4~7년 차,3000000,3000000,30,사내 프로젝트에 필요한 인력을 구인합니다.,신규 프로젝트에 필요한 작업자를 구인하고 있습니다.,IT•정보통신업,,오전 9시 ~ 오후 6시
2026.1.12,앱테크 서비스 풀스택 개발 (주 5일 재택 근무),2026.1.23,풀스택 개발자,미드 레벨,4~7년 차,15000000.00000000000000000000,5000000,90,사내 프로젝트에 필요한 인력을 구인합니다.,신규 프로젝트에 필요한 작업자를 구인하고 있습니다.,IT•정보통신업,인천광역시 서구,오전 10시 ~ 오후 7시
2026.1.12,API 연동 및 데이터 가공 시스템 백엔드 리드 개발,2026.1.26,풀스택 개발자,미드 레벨,4~7년 차,30000000.00000000000000000001,5000000,180,사내 프로젝트에 필요한 인력을 구인합니다.,신규 프로젝트에 필요한 작업자를 구인하고 있습니다.,IT•정보통신업,서울특별시 관악구 구로디지털단지역 부근,오전 10시 ~ 오후 7시
2026.1.12,Python/Linux 기반 온프레미스 솔루션 백엔드 개발,2026.1.26,백엔드 개발자,미드 레벨,4~10년 차,25500000.00000000000000000000,8500000,90,발주처에게서 수주한 프로젝트에 필요한 인력을 구인합니다.,신규 프로젝트에 필요한 작업자를 구인하고 있습니다.,기관•협회,부산광역시 연제구 중앙대로 1001 (연산동),오전 9시 ~ 오후 6시
2026.1.14,React/Next.js 기반 하이브리드 앱 프론트엔드 개발,2026.1.19,풀스택 개발자,주니어,1~3년 차,10500000.00000000000000000000,3500000,90,발주처에게서 수주한 프로젝트에 필요한 인력을 구인합니다.,신규 프로젝트에 필요한 작업자를 구인하고 있습니다.,IT•정보통신업,"서울특별시 서초구 효령로 62, 백산빌딩 7층",오전 9시 ~ 오후 6시
2026.1.12,공공기관 홈페이지 프로젝트 제안서 작성 및 기획,2026.1.26,서비스 기획자,미드 레벨,4~9년 차,10000000.00000000000000000000,5000000,60,사내 프로젝트에 필요한 인력을 구인합니다.,신규 프로젝트에 필요한 작업자를 구인하고 있습니다.,IT•정보통신업,경기도 용인시 수지구 포은대로59번길37 시그니처광교1차 610호,오전 9시 ~ 오후 6시
2026.1.12,C++/Raspberry Pi 기반 농업 IoT 통신 모듈 리팩토링 (재택 협의),2026.1.23,SA (소프트웨어 아키텍트),시니어,8~10년 차,12000000,6000000,60,사내 프로젝트에 필요한 인력을 구인합니다.,,제조•생산•화학업,"서울특별시 서초구 효령로 17, 2층",주 40시간 탄력근무(자율 출퇴근)
2026.1.9,컨텐츠 유통 플랫폼 백오피스 개발,2026.1.23,풀스택 개발자,미드 레벨,6~15년 차,12000000,6000000,60,사내 프로젝트에 필요한 인력을 구인합니다.,신규 프로젝트에 필요한 작업자를 구인하고 있습니다.,IT•정보통신업,서울특별시 강남구 역삼로 17길 51,오전 9시 30분 ~ 오후 6시 30분
2026.1.9,Java/Spring 기반 학원 ERP·LMS 시스템 풀스택 개발,2026.1.23,풀스택 개발자,테크 리드,8~10년 차,96000000.00000000000000000001,8000000,360,사내 프로젝트에 필요한 인력을 구인합니다.,신규 프로젝트에 필요한 작업자를 구인하고 있습니다.,교육업,서울특별시 강남구 삼성로 233,오전 9시 ~ 오후 6시
2026.1.9,경매 플랫폼 앱 UI/UX 기획,2026.1.30,UI/UX 기획자,주니어,1~3년 차,9000000,3000000,90,사내 프로젝트에 필요한 인력을 구인합니다.,기존 팀에 작업자를 추가 증원하려 합니다.,IT•정보통신업,경기도 광명시 일직로 43 광명GIDC ,오전 10시 ~ 오후 4시
2026.1.9,"아티스트 SNS 콘텐츠 기획 및 편집 (주 2일 근무, 재택) ",2026.1.23,콘텐츠 디자이너,미드 레벨,3~7년 차,1550000.000000000000000000000,1550000,30,사내 프로젝트에 필요한 인력을 구인합니다.,신규 프로젝트에 필요한 작업자를 구인하고 있습니다.,문화•예술•디자인업,,오전 9시 ~ 오후 6시
2026.1.9,Python/MySQL 기반 이민 수속 통합 시스템 백엔드 개발,2026.1.23,백엔드 개발자,미드 레벨,4~7년 차,15000000.00000000000000000000,5000000,90,사내 프로젝트에 필요한 인력을 구인합니다.,기존 팀에 작업자를 추가 증원하려 합니다.,IT•정보통신업,서울특별시 영등포구 여의도 오투타워,오전 10시 ~ 오후 7시
2026.1.9,JAVA/exBuilder6 기반 차세대 택배 시스템 개발 및 운영,2026.1.31,풀스택 개발자,미드 레벨,4~7년 차,63600000.00000000000000000001,5300000,360,발주처에게서 수주한 프로젝트에 필요한 인력을 구인합니다.,기존 팀에 작업자를 추가 증원하려 합니다.,IT•정보통신업,서울특별시 용산구 kdb생명타워,오전 9시 ~ 오후 6시
2026.1.8,경매 플랫폼 앱 UI/UX 기획,2026.1.9,UI/UX 기획자,미드 레벨,5~9년 차,15000000.00000000000000000000,5000000,90,사내 프로젝트에 필요한 인력을 구인합니다.,기존 팀에 작업자를 추가 증원하려 합니다.,IT•정보통신업,경기도 광명시 일직로 43 광명GIDC ,오전 9시 ~ 오후 6시
2026.1.8,Python 기반 데이터 크롤링 큐레이션 서비스 백엔드 개발,2026.1.22,백엔드 개발자,시니어,8~12년 차,9750000.000000000000000000002,6500000,45,사내 프로젝트에 필요한 인력을 구인합니다.,기존 팀에 작업자를 추가 증원하려 합니다.,IT•정보통신업,서울특별시 용산구 청파로 45길 14 2층 스피치로그,오전 9시 ~ 오후 6시
2026.1.8,AI 인프라 풀스택 개발 (재택근무),2026.1.22,풀스택 개발자,미드 레벨,3~10년 차,18000000,6000000,90,사내 프로젝트에 필요한 인력을 구인합니다.,신규 프로젝트에 필요한 작업자를 구인하고 있습니다.,IT•정보통신업,,주 40시간 탄력근무(자율 출퇴근)
2026.1.7,.NET Core/Blazor 기반 프로그램 유지보수 (주 5시간 재택 근무),2026.1.19,백엔드 개발자,미드 레벨,4~7년 차,1500000.000000000000000000000,500000,90,사내 프로젝트에 필요한 인력을 구인합니다.,결원이 발생하여 작업자를 구인하고 있습니다.,IT•정보통신업,,주 5시간 탄력근무(자율 출퇴근)
2026.1.7,경영관리 시스템 UI/UX 기획,2026.1.20,UI/UX 기획자,미드 레벨,4~7년 차,13500000,4500000,90,사내 프로젝트에 필요한 인력을 구인합니다.,신규 프로젝트에 필요한 작업자를 구인하고 있습니다.,,경기도 이천시 부발읍,오전 9시 ~ 오후 6시
2026.1.7,글로벌 커머스 앱/웹 구축 프로젝트 PM(주 4일 재택),2026.1.19,PM (프로덕트 매니저),미드 레벨,4~7년 차,14000000.00000000000000000000,3500000,120,사내 프로젝트에 필요한 인력을 구인합니다.,신규 프로젝트에 필요한 작업자를 구인하고 있습니다.,판매•유통업,경기도 남양주시 수동면 지둔로58-5,오전 9시 ~ 오후 6시
2026.1.6,Java/Spring Boot 기반 대시보드 및 수요자원 연계 시스템 개발,2026.2.3,백엔드 개발자,미드 레벨,4~7년 차,32999999.99999999999999999999,5500000,180,발주처에게서 수주한 프로젝트에 필요한 인력을 구인합니다.,신규 프로젝트에 필요한 작업자를 구인하고 있습니다.,IT•정보통신업,전라남도 나주시 교육길13 스마트파크 지식산업센터 B동,오전 9시 ~ 오후 6시
2026.1.6,Java/Spring 기반 WMS 시스템 개발 및 운영 (야간 재택),2026.1.6,풀스택 개발자,미드 레벨,4~9년 차,69599999.99999999999999999999,5800000,360,발주처에게서 수주한 프로젝트에 필요한 인력을 구인합니다.,기존 팀에 작업자를 추가 증원하려 합니다.,IT•정보통신업,서울특별시 용산구 KDB생명타워,오후 7시 ~ 오전 3시
2026.1.6,Figma/Photoshop 기반 이벤트 프로모션 콘텐츠 디자인,2026.1.13,그래픽 디자이너,시니어,4~10년 차,8213333.333333333333333333335,5600000,44,발주처에게서 수주한 프로젝트에 필요한 인력을 구인합니다.,기존 팀에 작업자를 추가 증원하려 합니다.,IT•정보통신업,서울특별시 용산구 KDB 생명타워,오전 9시 ~ 오후 6시
2026.1.6,Java/JSP 기반 HR 시스템 웹 개발,2026.1.20,풀스택 개발자,주니어,1~5년 차,54000000,4500000,360,발주처에게서 수주한 프로젝트에 필요한 인력을 구인합니다.,기존 팀에 작업자를 추가 증원하려 합니다.,IT•정보통신업,서울특별시 용산구 KBD 생명타워,오전 9시 ~ 오후 6시
2026.1.6,Java/Spring 기반 WMS 시스템 개발 및 운영 (주간 출근),2026.1.6,풀스택 개발자,미드 레벨,4~9년 차,69599999.99999999999999999999,5800000,360,발주처에게서 수주한 프로젝트에 필요한 인력을 구인합니다.,기존 팀에 작업자를 추가 증원하려 합니다.,IT•정보통신업,서울특별시 용산구 KDB생명타워,오전 8시 30분 ~ 오후 5시 30분
2026.1.5,MSSQL to Oracle DB 전환,2026.1.15,DBA,시니어,10~15년 차,22500000,7500000,90,사내 프로젝트에 필요한 인력을 구인합니다.,신규 프로젝트에 필요한 작업자를 구인하고 있습니다.,제조•생산•화학업,서울특별시 강서구 양천로 570 NH서울타워,오전 9시 ~ 오후 6시
2026.1.5,PHP 기반 세무 프로그램 개발 리드,2026.1.8,풀스택 개발자,시니어,8~10년 차,65999999.99999999999999999999,5500000,360,사내 프로젝트에 필요한 인력을 구인합니다.,신규 프로젝트에 필요한 작업자를 구인하고 있습니다.,,경기도 부천시 원미구 부천로147 기흥프라자 1층,주 40시간 탄력근무(자율 출퇴근)
2026.1.5,Figma 기반 교육 앱 UI/UX디자인,2026.1.19,UI/UX 디자이너,시니어,8~9년 차,10000000.00000000000000000000,5000000,60,사내 프로젝트에 필요한 인력을 구인합니다.,신규 프로젝트에 필요한 작업자를 구인하고 있습니다.,교육업,서울특별시 서초구 양재역 인근,오전 9시 ~ 오후 6시
2026.1.5,Java 기반 물류사 회계/채권관리 시스템 운영 개발,2026.1.9,풀스택 개발자,미드 레벨,4~7년 차,17400000.00000000000000000000,5800000,90,발주처에게서 수주한 프로젝트에 필요한 인력을 구인합니다.,결원이 발생하여 작업자를 구인하고 있습니다.,IT•정보통신업,서울특별시 용산구 kdb 생명타워,오전 9시 ~ 오후 6시
2026.1.5,Java Spring/Vue 기반 B2C 웹 서비스 개발,2026.1.9,풀스택 개발자,미드 레벨,4~7년 차,33899999.99999999999999999999,5650000,180,발주처에게서 수주한 프로젝트에 필요한 인력을 구인합니다.,기존 팀에 작업자를 추가 증원하려 합니다.,IT•정보통신업,서울특별시 용산구 kdb 생명타워,오전 9시 ~ 오후 6시
2026.1.5,Java/React 기반 주문앱 관리자 시스템 웹 개발,2026.1.7,풀스택 개발자,"시니어,주니어","8~12년 차,1~4년 차",44100000,6300000,210,발주처에게서 수주한 프로젝트에 필요한 인력을 구인합니다.,신규 프로젝트에 필요한 작업자를 구인하고 있습니다.,IT•정보통신업,경기도 성남시 수정구,오전 9시 ~ 오후 6시
2026.1.2,Python/Appium 기반 웹 크롤러 및 자동화 시스템 백엔드 개발,2026.1.16,백엔드 개발자,주니어,1~3년 차,7000000.000000000000000000002,3500000,60,사내 프로젝트에 필요한 인력을 구인합니다.,기존 팀에 작업자를 추가 증원하려 합니다.,IT•정보통신업,경기도 시흥시 베니스스퀘어,오전 10시 ~ 오후 7시
2026.1.2,Java/Next.js 기반 현대자동차 그룹사 사내 시스템 풀스택 개발,2026.1.8,풀스택 개발자,시니어,4~7년 차,16500000.00000000000000000000,5500000,90,발주처에게서 수주한 프로젝트에 필요한 인력을 구인합니다.,기존 팀에 작업자를 추가 증원하려 합니다.,IT•정보통신업,"서울특별시 서초구 강남대로83길 34, 나우빌딩 5층",오전 10시 ~ 오후 7시
2026.1.2,스마트 매장 운영 솔루션 UX 기획,2026.1.16,UX 기획자,미드 레벨,3~7년 차,47999999.99999999999999999999,4000000,360,사내 프로젝트에 필요한 인력을 구인합니다.,결원이 발생하여 작업자를 구인하고 있습니다.,IT•정보통신업,서울특별시 강남구 도산대로6길 12,오전 9시 ~ 오후 6시
2026.1.2,50만 유튜브 채널 영어단어 암기 모바일앱/백엔드 풀스텍 개발,2026.1.14,풀스택 개발자,"주니어,미드 레벨","1~3년 차,4~7년 차",60000000.00000000000000000001,5000000,360,사내 프로젝트에 필요한 인력을 구인합니다.,신규 프로젝트에 필요한 작업자를 구인하고 있습니다.,IT•정보통신업,대전광역시 유성구 대학로 31 한진오피스 ,오전 9시 ~ 오후 6시
2026.1.6,AIA생명Jenkins 기반 CI/CD 배포 파이프라인 구축 및 자동화 개발,2026.1.12,DevOps 엔지니어,시니어,6~12년 차,12000000,6000000,60,발주처에게서 수주한 프로젝트에 필요한 인력을 구인합니다.,기존 팀에 작업자를 추가 증원하려 합니다.,금융•은행업,서울특별시 중구 서울 중구 서소문로 120 ENA빌딩12층,오전 9시 ~ 오후 6시
2026.1.5,PHP/MySQL 기반 B2B 쇼핑몰 관리자 페이지 개발 및 운영,2026.1.14,백엔드 개발자,시니어,8~10년 차,32999999.99999999999999999999,5500000,180,사내 프로젝트에 필요한 인력을 구인합니다.,결원이 발생하여 작업자를 구인하고 있습니다.,IT•정보통신업,서울특별시 영등포구 국회대로 539,오전 9시 ~ 오후 6시