모집 시작일,프로젝트 명,모집 마감일,프로젝트 분야,우선 순위,예상 금액,예상 기간,지원자 수,관련 기술
2026.3.12,Decision Support Web 프로그램 개발,2026.3.26,웹,"산출물 완성도, 일정 준수, 금액",5000000,30,2,
2026.3.12,신규 기업 로고 및 명함 디자인,2026.3.26,기타,산출물 완성도,1000000,5,3,"Adobe Photoshop,Figma,Illustrator"
2026.3.12,UGC 플랫폼 및 서비스 소개 홈페이지 구축,2026.3.26,웹 · 안드로이드 · iOS,"금액, 산출물 완성도, 일정 준수",30000000,60,15,
2026.3.12,팝업스토어 이벤트용 부루마블 웹 게임 개발,2026.3.25,웹,"산출물 완성도, 금액, 일정 준수",3000000,14,8,
2026.3.12,임산부 맞춤형 약물 복용 가이드 MVP 앱 구축,2026.3.20,안드로이드 · iOS,"산출물 완성도, 일정 준수, 금액",30000000,90,6,"React Native,Flutter,Python,Android,Node.js"
2026.3.12,vmCube 솔루션 유지보수 및 앱 고도화,2026.3.13,안드로이드 · iOS,"산출물 완성도, 일정 준수, 금액",30100000,210,1,
2026.3.12,Lua 스크립트 기반 UGC 개발 툴 테스트를 위한 액션 게임 개발,2026.3.26,안드로이드,,3000000,30,2,Lua
2026.3.12,C++ 기반 Windows 프로그램 기본 앱 설정 UI 호출 기능 개발,2026.3.20,PC 프로그램,,500000,2,1,
2026.3.12,모바일 차량관리 리워드 플랫폼 UI/UX 디자인 리뉴얼,2026.3.26,안드로이드 · iOS,"산출물 완성도, 일정 준수, 금액",2000000,15,1,
2026.3.11,코골이 완화 ANC 이어폰 하드웨어 시제품 개발,2026.3.25,임베디드,,10000000,30,1,
2026.3.11,기업 홈페이지 리뉴얼 신규 구축,2026.3.25,웹,"일정 준수, 산출물 완성도, 금액",5000000,30,1,
2026.3.11,OpenStack-Helm 기반 클라우드 네트워크 장애 해결 자문(24회),2026.3.25,기타,"업무 능력, 근무 시작일, 예산 범위",0,90,1,
2026.3.11,은행 연계 금 신탁상품 관리 시스템 구축,2026.3.25,웹,"산출물 완성도, 금액, 일정 준수",50000000,120,35,
2026.3.11,복합다중센서 IoT 화재감지기 및 게이트웨이 시제품 개발,2026.3.14,PC 프로그램 · 임베디드 · 기타,"산출물 완성도, 일정 준수, 금액",50000000,100,1,
2026.3.11,AI 기반 자동 영상 편집 툴 플랫폼 구축,2026.3.12,웹,,30000000,90,10,
2026.3.11,AI 기반 반려동물 SNS 및 GPS 실종 알림 앱 기능 고도화,2026.3.22,안드로이드 · iOS,"산출물 완성도, 금액, 일정 준수",45000000,150,17,
2026.3.11,B2B 제조 기업 홈페이지 구축,2026.3.25,웹,,8000000,60,40,
2026.3.11,다수 분산 시스템 DB 구조 진단 및 튜닝 프로젝트(대구 상주 필수),2026.3.20,웹 · 기타,,0,14,3,
2026.3.11,B2B IT 솔루션 기업 워드프레스 사이트 리뉴얼,2026.3.25,웹,"산출물 완성도, 금액, 일정 준수",5000000,45,19,
2026.3.11,부동산 SaaS 플랫폼 고도화 및 연간 유지보수,2026.3.25,웹 · 안드로이드 · iOS,"산출물 완성도, 금액, 일정 준수",60000000,365,22,"dynamodb,Python,Nginx"
2026.3.11,가상화폐 거래소 수수료 환급 비교 플랫폼 구축,2026.3.25,웹,"산출물 완성도, 일정 준수, 금액",25000000,90,38,
2026.3.11,다지점 관리 및 실시간 화상 상담 플랫폼 구축,2026.3.25,웹 · 안드로이드 · iOS · PC 프로그램 · 기타,"산출물 완성도, 금액, 일정 준수",100000000,180,14,"react.js,Node.js,AWS (Amazon Web Services),mysql / postgresql,Electron,Rest api,WebRTC,socket.io-client,Vue.js,React Native / Flutter"
2026.3.11,쿠팡 파트너스를 활용한 실시간 주문 내역 매칭 백엔드 개발,2026.3.24,웹 · 안드로이드 · iOS · 기타,"일정 준수, 산출물 완성도, 금액",10000000,15,16,"Node.js,PostgreSQL,Redis,Nestjs,AWS"
2026.3.10,B2B 패키징 플랫폼 도면 자동화 및 실시간 견적 시스템 신규 구축,2026.3.24,웹,,0,300,0,
2026.3.11,이카운트 ERP 연동 GCP 데이터 파이프라인 및 AI 업무 자동화 시스템 구축,2026.3.25,웹 · 안드로이드 · iOS · 기타,,40000000,90,23,
2026.3.10,연예인/인플루언서 글로벌 매칭 플랫폼 구축,2026.3.24,웹,"일정 준수, 금액, 산출물 완성도",90000000,120,24,"React,PostgreSQL,CSS,Python,HTML,AWS"
2026.3.11,보급률 데이터 기반 AI Agent 및 대시보드 구축,2026.3.25,PC 프로그램,,50000000,120,22,
2026.3.10,Windows OEM Recovery Tool 개발 ,2026.3.24,PC 프로그램 · 기타,"산출물 완성도, 금액, 일정 준수",30000000,60,3,
2026.3.10,신규 기업 로고 및 명함 디자인,2026.3.12,기타,산출물 완성도,500000,3,4,"Adobe Photoshop,Illustrator,Figma"
2026.3.10,축산물 쇼핑몰 UI/UX 디자인 리뉴얼 및 다채널 상세페이지 제작,2026.3.24,웹 · 기타,,8000000,60,28,
2026.3.10,다중 센서 연동 로우데이터 수집 장치 PoC 개발,2026.3.24,임베디드 · 기타,,9000000,45,17,
2026.3.10,스마트글래스 연동 AR 뷰티 시술 가이드 솔루션 개발,2026.3.24,안드로이드 · iOS · 기타,"일정 준수, 산출물 완성도, 금액",50000000,120,8,AR
2026.3.10,행사 운영 O2O 플랫폼 와우플래너 MVP 개발,2026.3.24,웹 · 안드로이드 · iOS,"산출물 완성도, 금액, 일정 준수",20000000,150,25,
2026.3.10,러닝 플랫폼 갤럭시 워치 전용 앱 개발 ,2026.3.24,안드로이드,"일정 준수, 금액, 산출물 완성도",15000000,60,21,
2026.3.10,신규 랜덤박스 웹앱 플랫폼 및 관리자 시스템 개발,2026.3.24,웹 · 안드로이드 · iOS,"산출물 완성도, 일정 준수, 금액",60000000,80,59,
2026.3.10,실시간 디지털 코드 발송 및 다중 필터링 기반 커머스 플랫폼 개발,2026.3.23,웹,"산출물 완성도, 일정 준수, 금액",200000000,180,17,React
2026.3.10,CS 고객 관리 CRM 시스템 구축,2026.3.24,웹 · PC 프로그램,"산출물 완성도, 금액, 일정 준수",10000000,90,51,
2026.3.10,갤러리 플랫폼 기획 및 UI/UX 디자인,2026.3.24,웹,,800000,10,11,
2026.3.9,선거 후보자 프로필 및 공약 홍보 웹페이지 구축,2026.3.23,웹,,500000,3,38,
2026.3.9,글로벌 데이팅 소셜 디스커버리 앱 개발,2026.3.20,안드로이드 · iOS,"산출물 완성도, 일정 준수, 금액",20000000,90,20,"Firebase,Flutter"
2026.3.9,영어 원서읽기 학습 웹 플랫폼 재구축,2026.3.23,웹,,20000000,100,22,
2026.3.9,급여/4대보험 자동화 계산기 PC 프로그램 구축,2026.3.23,PC 프로그램,,0,60,35,
2026.3.9,부동산 분양 현장 홍보 웹사이트 구축,2026.3.23,웹,,15000000,30,56,
2026.3.9,React Native 기반 팬덤 플랫폼 개발,2026.3.23,웹 · 안드로이드 · iOS,"산출물 완성도, 일정 준수, 금액",30000000,90,34,
2026.3.9,AI 기반 일기 분석 및 가치관 시각화 반응형웹 MVP 기획,2026.3.20,웹,"일정 준수, 산출물 완성도, 금액",4000000,30,19,
2026.3.9,입점형 라이브 커머스 플랫폼 구축,2026.3.23,웹,"금액, 산출물 완성도, 일정 준수",30000000,60,19,
2026.3.9,심리검사 서비스 프로토타입 개발,2026.3.23,웹,,5000000,30,77,
2026.3.9,이카운트 ERP 실시간 연동 기반 자재 전문 B2B/B2C 독립형 쇼핑몰 구축,2026.3.23,웹,,50000000,120,3,"Node.js,next.js,React"
2026.3.9,신규 랜덤박스 웹앱 플랫폼 및 관리자 시스템 개발,2026.3.23,웹 · 안드로이드 · iOS,"산출물 완성도, 일정 준수, 금액",60000000,80,0,
2026.3.9,AI 자세 추정 기술 기반 필라테스 회원 체형 분석 서비스 구축,2026.3.10,웹 · 안드로이드 · iOS,"산출물 완성도, 금액, 일정 준수",30000000,300,15,
2026.3.9,어린이 안전 교육용 VR 콘텐츠 유니티 개발,2026.3.22,기타,"산출물 완성도, 일정 준수, 금액",8000000,30,8,
2026.3.9,AI 기반 다국어 그림책 제작 웹 플랫폼 구축,2026.3.23,웹,"산출물 완성도, 금액, 일정 준수",40000000,90,34,"Docker,TensorFlow,AWS,Python,PyTorch,Node.js,Git,React,express.js,MongoDB"
2026.3.9,의료 서비스 SaaS 플랫폼 글로벌 상용화 구축,2026.3.23,웹 · PC 프로그램,"일정 준수, 산출물 완성도, 금액",100000000,120,19,"Python,RDBMS,React,Node.js,Nestjs,next.js"
2026.3.9,엑셀 기반 RnD 정보 DB의 웹 기반 검색 및 조회 시스템 구축,2026.3.20,웹,,15000000,60,86,
2026.3.6,자전거 커뮤니티 및 중고 거래 플랫폼 앱 개발,2026.3.9,안드로이드 · iOS,"산출물 완성도, 금액, 일정 준수",20000000,90,61,
2026.3.6,프랜차이즈 가맹모집 랜딩페이지 디자인 리뉴얼 및 기능 개선,2026.3.20,웹,"산출물 완성도, 금액, 일정 준수",1000000,7,16,WordPress
2026.3.9,사주 명리학 기반 AI 리포트 자동화 웹 구축,2026.3.23,웹,,15000000,60,46,"AWS,Python,Node.js,React,express.js,MongoDB"
2026.3.6,이벤트를 위한 미니게임 프로모션 웹사이트 구축,2026.3.6,웹,"일정 준수, 산출물 완성도, 금액",15000000,45,29,
2026.3.5,공간 큐레이팅 플랫폼 앱 패키징,2026.3.19,안드로이드 · iOS,,3000000,15,48,
2026.3.6,워드프레스 기반 차량 맞춤 엔진오일 추천 검색 기능 개발,2026.3.6,웹 · PC 프로그램,"산출물 완성도, 일정 준수, 금액",4000000,30,1,워드프레스
2026.3.5,당진발전본부 현장 안전관리 정보 공유 키오스크 SW 개발,2026.3.19,PC 프로그램,"산출물 완성도, 일정 준수, 금액",5000000,60,21,
2026.3.5,서비스 카테고리 2D 아이콘 85개 디자인,2026.3.19,안드로이드 · iOS,"산출물 완성도, 일정 준수, 금액",3000000,30,29,Figma
2026.3.9,농기계 정비관리 시스템 구축,2026.3.23,웹 · 안드로이드 · iOS · PC 프로그램,"산출물 완성도, 일정 준수, 금액",0,365,11,
2026.3.5,모바일 소개팅/매칭 앱 UI/UX 디자인,2026.3.19,안드로이드 · iOS,"산출물 완성도, 일정 준수, 금액",2000000,30,27,Figma
2026.3.4, Java 기반 그룹웨어 재개발,2026.3.18,웹,,0,180,3,Java
2026.3.4,브랜드 입점형 온라인 팝업스토어 Cafe24 기반 구축,2026.3.13,웹,,10000000,50,25,Cafe24
2026.3.4,지역 기반 콘텐츠 공유 커뮤니티 플랫폼 구축,2026.3.18,웹,"산출물 완성도, 금액, 일정 준수",50000000,120,1,Java
2026.3.5,QR 기반 품질 신고 및 관리 시스템 구축,2026.3.19,웹,,0,60,62,
2026.3.6,휴대용 방사선 측정기(Survey Meter) 회로/기구 설계/시제품 개발,2026.3.20,임베디드,,17500000,80,4,
2026.3.5,비개발자 AI 유지보수 최적화 제조업 ERP 구축,2026.3.18,웹,"금액, 산출물 완성도, 일정 준수",0,90,19,"TypeScript,PostgreSQL,Tailwind CSS,TailwindCSS,React,supabase,Vite"
2026.3.4,앱 설치 유도 딥링크 적용 개발,2026.3.18,안드로이드 · iOS,"금액, 산출물 완성도, 일정 준수",500000,3,1,"React,Android,iOS"
2026.3.6,순간 냉/온 정수기 임베디드 펌웨어 개발 및 PCB 회로 설계,2026.3.20,임베디드,,12000000,60,11,
2026.3.6,사회복지 NGO 공식 홈페이지 기획 및 디자인,2026.3.20,웹,"산출물 완성도, 금액, 일정 준수",4000000,30,41,
2026.3.4,당진발전본부 현장 안전관리 정보 공유 키오스크 SW 구축 및 HW 납품,2026.3.5,PC 프로그램,"산출물 완성도, 일정 준수, 금액",0,60,12,
2026.3.5,공공기관 SI프로젝트 제안서 디자인(상주 필수),2026.3.18,기타,"업무 능력, 예산 범위, 근무 시작일",1500000,7,5,
2026.3.4,MMORPG Unity 클라이언트 MVP 개발,2026.3.18,PC 프로그램,,4000000,30,14,
2026.3.4,솔루션 기반 협회 홈페이지 신규 구축,2026.3.18,웹,"금액, 산출물 완성도, 일정 준수",4000000,60,54,
2026.3.4,카페24 기반 B2C 브랜드 자사몰 구축,2026.3.18,웹,"산출물 완성도, 일정 준수, 금액",8000000,30,28,Cafe24
2026.3.4,리워드 앱  퀴즈 미션 광고 페이지 구축 및 연동,2026.3.18,웹,,10000000,15,58,
2026.3.4,"방역 서비스 중개 및 매니저 관리 플랫폼(Android, iOS, Admin) 구축",2026.3.18,안드로이드 · iOS,"산출물 완성도, 금액, 일정 준수",30000000,90,69,
2026.3.9,원격 로봇 제어용 보드 및 펌웨어 개발 ,2026.3.17,임베디드,"금액, 산출물 완성도, 일정 준수",10000000,30,5,"관리자 페이지 개발,PCB 설계,임베디드 C,하드웨어 테스트 자동화,생산 공정 모니터링,펌웨어 개발"
2026.3.3,레스토랑 브랜드 다국어 홈페이지 제작,2026.3.12,웹,,20000000,60,1,
2026.3.3,레스토랑 브랜드 다국어 홈페이지 제작,2026.3.3,웹,,20000000,60,0,
2026.3.3,AI(RAG) 기반 멘탈 케어 캘린더 앱 개발 ,2026.3.17,웹,"산출물 완성도, 일정 준수, 금액",25000000,90,42,
2026.3.3,카페24 기반 커뮤니티형 커머스 모바일 웹 및 앱 구축,2026.3.6,웹 · 안드로이드 · iOS,"산출물 완성도, 금액, 일정 준수",20000000,60,1,
2026.3.4,사업 관리 업무용 시스템 UI 디자인,2026.3.13,웹,,4000000,40,35,Figma
2026.3.3,정비관리 Android 앱 프런트엔드 개발,2026.3.4,안드로이드,,5000000,30,47,
2026.3.3,물류기업 및 병원 홈페이지 2건 제작,2026.3.10,웹,,4500000,30,1,"imweb,Webflow"
2026.3.3,산업용 Actuator 유지보수용 QR/BLE 모바일 시스템 구축,2026.3.11,안드로이드 · iOS,,0,100,20,
2026.3.3,C# 서버 및 유니티 간 소켓 통신 끊김 현상 디버깅,2026.3.17,PC 프로그램,,1000000,5,10,
2026.3.3,3D 전시 및 AI 기반 글로벌 아트 커머스 플랫폼 개발,2026.3.17,웹,"산출물 완성도, 금액, 일정 준수",60000000,120,29,"Rhino,Illustrator,Adobe Photoshop,KeyShot,Figma,Lightroom"
2026.3.3,글로벌 생명과학 플랫폼 웹사이트 구축,2026.3.17,웹,"산출물 완성도, 일정 준수, 금액",3000000,30,46,
2026.3.3,제조업 기업 홈페이지 신규 구축,2026.3.4,웹,,7000000,60,78,
2026.3.3,IoT 스마트 링 연동 호텔 어메니티 관제 플랫폼 구축,2026.3.17,웹 · 안드로이드 · iOS,,45000000,120,40,"React Native,AWS,Flutter,React,Node.js,Figma"
2026.3.3, 개정 토플 대비 AI 자동 채점 시스템 구축,2026.3.10,웹,,30000000,60,38,
2026.3.3,유튜브 / 인스타그램 크롤러 프로그램 개발,2026.3.13,PC 프로그램,"산출물 완성도, 금액, 일정 준수",5000000,40,31,
2026.3.3,Xconda AI 플랫폼 기능 개선 및 고도화,2026.3.13,웹,"산출물 완성도, 일정 준수, 금액",6000000,30,12,"Firebase,Vue.js,nuxt,TypeScript,TailwindCSS,cloudflare,PortOne,Node.js,nuxt.js,pinia"
2026.3.3,회원 등급 기반 매칭 및 소개팅 앱개발,2026.3.17,안드로이드 · iOS,"산출물 완성도, 금액, 일정 준수",20000000,90,45,
2026.2.27,스토리플로우(StoryFlow) 플랫폼 구축(MVP 버전),2026.3.10,웹,"금액, 산출물 완성도, 일정 준수",40000000,90,45,
2026.3.3,전자출입 등하교 알림 서비스 자체 Push 서버 구축,2026.3.17,안드로이드 · iOS,,5000000,30,27,
2026.2.27,산후조리원 실시간 예약 시스템 및 반응형 홈페이지 구축,2026.3.6,웹,"일정 준수, 금액, 산출물 완성도",4800000,15,86,
2026.2.27,비정형 발주서(Excel/Image) 인식 및 거래명세서 자동화 솔루션,2026.3.6,PC 프로그램,"산출물 완성도, 금액, 일정 준수",20000000,90,51,Windows
2026.3.6,K-뷰티 역직구 플랫폼 구축,2026.3.12,웹 · 안드로이드 · iOS,"금액, 산출물 완성도, 일정 준수",100000000,120,36,
2026.2.26,QR 기반 시간외근무 기록 시스템 개발,2026.3.12,웹 · 기타,,1000000,14,38,
2026.2.27,비영리 단체 소개 및 줌 신청 웹사이트 구축,2026.3.13,웹,,1500000,15,64,
2026.2.26,골프 앱 내 캐주얼 보드게임 UI/UX 기획 및 디자인,2026.3.12,웹 · 안드로이드 · iOS,"산출물 완성도, 금액, 일정 준수",3000000,20,18,Figma
2026.2.26,인테리어 디자인 콘텐츠 개인화 추천 알고리즘 개발 및 서비스 적용,2026.2.27,웹,,40000000,120,14,"PHP,Vue.js,PostgreSQL,JavaScript,Node.js"
2026.2.26,기존 백엔드 연동 네이티브 앱  UI/UX 및 프론트엔드 개발,2026.2.27,안드로이드 · iOS,"일정 준수, 산출물 완성도, 금액",15000000,45,39,
2026.2.26,일본인 관광객 대상 K-뷰티/체험 매칭 플랫폼(앱) 구축,2026.3.12,안드로이드 · iOS,"산출물 완성도, 금액, 일정 준수",38000000,90,68,
2026.2.26,사이버 위협 인텔리전스(CTI) 통합 플랫폼 구축,2026.3.12,웹 · PC 프로그램 · 기타,,0,480,14,
2026.2.26,글로벌 스트리밍 플랫폼 MVP 구축 ,2026.2.27,웹,,30000000,90,18,
2026.2.26,Xconda AI 플랫폼 기능 개선 및 고도화,2026.2.27,웹,"산출물 완성도, 금액, 일정 준수",6000000,30,7,"Firebase,TailwindCSS,nuxt,pinia,cloudflare,TypeScript,PortOne,Node.js,Vue.js"
2026.2.26,일렉기타 브랜드 상세페이지 리뉴얼,2026.3.12,기타,"산출물 완성도, 일정 준수, 금액",3000000,14,18,"기획,촬영,Adobe Photoshop,Adobe Illustrator,Figma"
2026.2.25,IT 솔루션 기업 제품 소개 및 홍보용 반응형 홈페이지 구축,2026.3.11,웹,"산출물 완성도, 금액, 일정 준수",5000000,30,81,
2026.2.26,마이비즈링 서비스 웹 및 스마트허브 정산 관리 시스템 구축,2026.3.12,웹,,30000000,90,30,
2026.2.25,지역 기반 반려동물 분양 플랫폼 구축,2026.3.11,안드로이드 · iOS,,50000000,90,105,
2026.2.26,중장년층 대상 AI 코칭 및 안전 알림 앱 구축,2026.3.12,웹 · 안드로이드 · iOS,,40000000,90,64,
2026.2.27,입찰견적용 AI Agent 개발 PoC,2026.3.11,PC 프로그램,"산출물 완성도, 일정 준수, 금액",3000000,21,31,
2026.2.25,Keycloak 기반 통합 인증(SSO) 및 회원·동의 관리 시스템 구축,2026.3.4,웹,,0,60,17,
2026.3.3,일본 지사 광고 운영 ERP 및 리포트 통합 시스템 구축,2026.3.17,웹,,70000000,180,34,"Java,Spring"
2026.2.25,글로벌 스타트업 육성 프로그램 홈페이지 UI/UX 리뉴얼 및 개발,2026.3.10,웹,,20000000,30,60,"Figma,React"
2026.3.3,코인 국내외 거래소 차익 거래 프로그램 개발,2026.3.17,웹 · PC 프로그램,"산출물 완성도, 금액, 일정 준수",2500000,14,30,
2026.2.25,외식 브랜드 직영 매장 통합 관리(ERP) 시스템 구축,2026.3.11,웹 · 안드로이드 · iOS,"산출물 완성도, 금액, 일정 준수",80000000,180,31,
2026.3.3,AI 기반 뷰티/패션 가상 피팅(VTO) 및 숏폼 영상 생성 플랫폼 구축,2026.3.17,웹 · 안드로이드 · iOS · PC 프로그램 · 기타,"산출물 완성도, 금액, 일정 준수",70000000,120,40,
2026.2.25,유통업체 전용 커스텀 ERP 시스템 구축,2026.3.11,웹 · PC 프로그램,,50000000,150,41,
2026.2.25,안전모니터링 관제시스템 수정 및 기능 개선,2026.3.11,웹 · 기타,"금액, 일정 준수, 산출물 완성도",5000000,10,20,"Node.js,React,Python,MSSQL"
2026.2.24,Shopify 상품 업로드 및 재고 자동화 구축(Stock Sync/Make.com),2026.3.9,웹,,2500000,14,17,
2026.3.3,Storeganise API 연동 백엔드 서버 개발,2026.3.17,웹,,6000000,30,40,"JavaScript,MSSQL,Node.js"
2026.2.24,기후변화 피해비용 산정 통합모형 사이트 디자인,2026.3.10,웹,"산출물 완성도, 금액, 일정 준수",4500000,120,39,
2026.2.24,소형 로드셀 저울 계측 알고리즘 개발,2026.2.27,기타,,3000000,60,4,STM32
2026.2.25,웹 페이지 모바일/태블릿 반응형 전환 디자인 및 퍼블리싱,2026.2.26,웹,,1000000,7,19,
2026.2.24,외국인 대상 다국어 커머스 플랫폼 및 주문 자동화 시스템 구축,2026.3.10,웹 · 안드로이드 · iOS,,90000000,90,29,
2026.2.24,뱅킹 앱 활성화를 위한 인앱 캐릭터 육성 게임(게이미피케이션) 서비스 상세 기획,2026.3.10,안드로이드 · iOS · 기타,"산출물 완성도, 금액, 일정 준수",18000000,30,25,
2026.2.24,Flutter 기반 소셜 앱 블루투스 근거리 매칭 기능 추가 개발,2026.3.10,웹 · 안드로이드 · iOS,"산출물 완성도, 금액, 일정 준수",20000000,90,37,"Bluetooth,BLE"
2026.2.26,AI 기반 미술품 이력 관리 플랫폼 구축,2026.2.26,웹 · 기타,,50000000,90,1,"KeyShot,Adobe Photoshop,Illustrator,Rhino,Figma"
2026.2.24,마이피 웹앱 랜딩페이지 제작,2026.2.27,안드로이드 · iOS,,3800000,40,1,
2026.2.24,마아피 앱 QA,2026.2.27,안드로이드 · iOS,,5700000,40,1,
2026.2.24,외국인 대상 다국어 커머스 플랫폼 및 주문 자동화 시스템 구축,2026.2.24,웹 · 안드로이드 · iOS,,100000000,90,1,
2026.2.24,이카운트 ERP 프로세스 개선 및 네이버웍스 연동 기획,2026.3.10,웹,,5000000,30,23,
2026.2.24,암호화폐 거래소 차익 비교 및 알림 발송,2026.3.3,웹,,3000000,14,47,
2026.2.24,태봉그룹(태봉광업·태봉파일) 패밀리 홈페이지 제작,2026.3.6,웹,,0,60,62,
2026.2.24,Shopify 상품 업로드 및 재고 자동화 구축(Stock Sync/Make.com),2026.2.24,웹,,2500000,14,2,
2026.2.25,1인칭 시청각 데이터 기반 Agentic AI 서비스 및 하드웨어 연동 앱 구축,2026.2.27,안드로이드 · iOS · 기타,"산출물 완성도, 금액, 일정 준수",80000000,90,18,
2026.2.23,쿠팡 API 연동 재고 관리 및 발주 자동화,2026.3.9,웹 · PC 프로그램,,2000000,30,34,
2026.2.23,보고서(문서) 디자인,2026.3.9,기타,,5000000,60,40,
2026.2.24,AI 기반 여행사 견적/정산/가이드 배정 자동화 시스템 구축,2026.3.10,웹,"산출물 완성도, 일정 준수, 금액",0,100,38,
2026.2.23,자사 ERP 시스템 구축 Java/Spring Boot B/E 개발 지원,2026.2.26,웹,"일정 준수, 산출물 완성도, 금액",20000000,120,27,"Spring Boot,Java"
2026.2.25,QR 연동 영상 피드백 모바일 앱 구축,2026.3.11,안드로이드 · iOS,"산출물 완성도, 금액, 일정 준수",35000000,90,57,"Git,MongoDB,AWS S3,React Native,Firebase Cloud Messaging,express.js,Node.js"
2026.3.4,설문 기반 영양제 추천 기능 구축,2026.3.18,웹,"산출물 완성도, 금액, 일정 준수",10000000,45,42,"AWS,stripe api,ADOBE XD,express.js,React,Node.js,Figma,MongoDB"
2026.2.24,.NET 프레임워크 버전 상향 및 시스템 고도화,2026.2.27,PC 프로그램 · 기타,"산출물 완성도, 금액, 일정 준수",30000000,90,31,"Syncfusion,DevExpress,C#,FarpointSpread,Crystal Report,grapecity,.Net"
2026.2.23,이커머스 채널 유지/보수 에셋 디자인(월 30~60만 원 예상),2026.2.25,기타,"일정 준수, 산출물 완성도, 금액",450000,60,8,"Photoshop,Figma"
2026.2.23,Linux 기반 한컴 웹오피스 연동 (건별 계약),2026.2.24,웹 · PC 프로그램,,2800000,365,10,Linux
2026.2.23,도매매 API 연동 쇼핑몰 상품 동기화 및 통합 관리 프로그램 개발,2026.2.26,웹,"일정 준수, 산출물 완성도, 금액",29000000,70,14,
2026.2.25,중국인 관광객 대상 제주도 관광 정보 플랫폼 개발,2026.3.11,웹 · 안드로이드 · iOS,"금액, 산출물 완성도, 일정 준수",35000000,90,71,
2026.2.23,필라테스 센터 내부용 강사 스케줄 예약 및 정산 시스템 개발,2026.3.9,웹,,7000000,30,142,
2026.2.23,크립토 카드 결제 및 내역 조회 앱 신규 구축,2026.3.9,안드로이드 · iOS,,30000000,90,21,"백엔드 서버,UIUX디자인,어드민 페이지,모바일앱,API연동,모바일앱디자인,웹훅"
2026.2.23,클라우드 기반 전자차트 SaaS 플랫폼 MVP 개발,2026.3.4,웹 · 안드로이드 · iOS,"산출물 완성도, 일정 준수, 금액",40000000,170,45,
2026.3.3,학교 그룹운동(GX) 로잉머신 WiFi Mesh 기반 통합 관제 시스템 개발,2026.3.17,웹 · 임베디드 · 기타,"산출물 완성도, 금액, 일정 준수",45000000,100,20,
2026.2.23,무선 분리형 키보드 PCB 회로 설계,2026.2.26,임베디드,"산출물 완성도, 일정 준수, 금액",3000000,10,0,"Altium Designer,KiCAD ,OrCAD"
2026.2.25,생산 및 고객관리 통합 스마트공장 시스템 개발,2026.3.11,웹 · 안드로이드,"금액, 산출물 완성도, 일정 준수",30000000,90,36,
2026.2.20,AI 기반 사용자 맞춤형 디지털 복지 앱 구축,2026.3.6,안드로이드 · iOS,,20000000,180,34,
2026.2.20,화장품 용기 사출 불량 검출을 위한 비전 AI 시스템 개발 및 현장 구축,2026.3.6,PC 프로그램,,0,90,26,
2026.2.20,홈페이지 신규 구축 웹 디자인 및 퍼블리싱,2026.3.3,웹,"산출물 완성도, 일정 준수, 금액",2500000,15,34,
2026.2.20,AI 기반 사용자 맞춤형 디지털 복지 앱 구축,2026.2.20,안드로이드 · iOS,,60000000,90,6,
2026.2.20,AI 기반 맞춤형 코칭 챗봇 웹 서비스 구축,2026.2.23,웹,,30000000,120,43,
2026.2.20,기존 CRM 연동형 AI 헤드헌팅 챗봇 및 관리자 분석 시스템 구축,2026.3.6,웹,"산출물 완성도, 금액, 일정 준수",70000000,100,34,"Spring Boot,Java,MySQL,AWS"
2026.2.20,LCL/FCL 내륙 운송비 산출 웹 플랫폼 및 AI 파싱 기능 개발,2026.3.6,웹,"산출물 완성도, 금액, 일정 준수",0,60,39,
2026.2.20,워드프레스 Houzez 테마 커스텀,2026.2.23,웹,"산출물 완성도, 금액, 일정 준수",3000000,30,7,"CSS,WordPress,PHP,MySQL,JavaScript,HTML,jQuery"
2026.2.23,React Native 카메라 커스텀 및 AI 분석 파이프라인 구축,2026.3.6,안드로이드 · iOS,"일정 준수, 산출물 완성도, 금액",5000000,21,13,
2026.2.20,사립 유치원 전용 회계 기장 및 에듀파인 자동 전송 시스템 구축,2026.3.4,웹 · PC 프로그램 · 기타,"산출물 완성도, 일정 준수, 금액",25000000,90,53,
2026.2.20,지역 기반 콘텐츠 공유 커뮤니티 플랫폼 구축,2026.2.24,웹,"산출물 완성도, 금액, 일정 준수",50000000,120,81,Java
2026.2.20,MOAVO Habit (모아보 해빗) 앱 개발(MVP),2026.3.5,안드로이드 · iOS,,15000000,90,39,Flutter
2026.2.20,AI 멀티에이전트 기반 비상장 기업 MnA 스크리닝 시스템 구축,2026.3.5,웹,"산출물 완성도, 일정 준수, 금액",300000000,180,27,
2026.2.25,앱 설치 유도 딥링크 적용 개발,2026.3.5,안드로이드 · iOS,"금액, 산출물 완성도, 일정 준수",500000,3,6,"React,iOS,Android"
2026.2.20,심리상담센터 디자인 및 퍼블리싱 수정,2026.3.6,웹,,1000000,10,25,
2026.2.20,솔루션 기반 B2B 컨설팅 기업 공식 홈페이지 구축,2026.3.4,웹,"산출물 완성도, 금액, 일정 준수",5000000,30,49,
2026.2.19,식당 미리주문/픽업 플랫폼 MVP 구축,2026.3.5,웹 · 안드로이드 · iOS,"금액, 산출물 완성도, 일정 준수",30000000,90,86,
2026.2.23,이미지 자동 편집 솔루션 개발(상주 필수),2026.3.6,웹 · 안드로이드 · iOS · PC 프로그램,,0,90,9,
2026.2.19,인테리어 중개플랫폼 MVP 웹개발,2026.2.23,웹,"금액, 산출물 완성도, 일정 준수",12000000,30,47,"iOS,Android,React"
2026.2.20,이기종 PC(Win 10/11) 간 로컬 네트워크 공유 설정 및 트러블슈팅,2026.2.27,기타,,1000000,2,13,
2026.2.19,특정 직군 커뮤니티 기반 구인구직 플랫폼 MVP 구축,2026.3.5,웹,,30000000,100,45,
2026.2.19,엑셀-일러스트레이터 텍스트 배치 스크립트 개발,2026.3.5,PC 프로그램,"산출물 완성도, 금액, 일정 준수",1500000,14,13,"Illustrator,Excel"
2026.2.19,식당 미리주문/픽업 플랫폼 MVP 디자인,2026.2.19,웹 · 안드로이드 · iOS,"금액, 산출물 완성도, 일정 준수",7000000,30,9,
2026.2.26,ERP 시스템 DB 구조 분석 및 국내/해외 서버 간 데이터 동기화 컨설팅,2026.3.4,웹,,2500000,7,7,"MSSQL,Windows Server"
2026.2.19,공간 기반 O2O 중개 플랫폼 구축,2026.3.5,웹 · 안드로이드 · iOS,"일정 준수, 산출물 완성도, 금액",80000000,150,40,AWS
2026.2.19,AI 영상 제작 협업 워크스페이스 백엔드 모듈 및 UI 개발,2026.3.5,웹,"산출물 완성도, 금액, 일정 준수",10000000,40,38,"PostgreSQL,Python,React,AWS,JavaScript,TypeScript,Django,Docker"
2026.2.20,AI 동작 인식 기반 클라이밍 영상 자동 녹화/편집 앱 개발,2026.3.3,안드로이드 · iOS,"산출물 완성도, 금액, 일정 준수",6000000,45,20,"GPS API,MongoDB,MySQL,Kotlin,Express,android sdk,동영상 편집 라이브러리,ios sdk,Node.js,결제 API,Swift,AWS"
2026.2.19,빌딩 및 임대/매출/시설 통합 관리 시스템 구축,2026.2.27,웹 · 안드로이드 · iOS · 기타,"산출물 완성도, 금액, 일정 준수",2100000000,300,5,"Nexacro,WebSquare"
2026.2.19,다국어 가변조판 PDF 자동생성 엔진 개발,2026.3.5,웹 · 기타,"산출물 완성도, 일정 준수, 금액",25000000,90,25,
2026.2.19,사내 서버 기반 AI 모델 학습 자동화 파이프라인 구축,2026.3.5,웹 · PC 프로그램,,20000000,90,38,
2026.2.19,이미지 임베딩 기반 유사 색상 추천 챗봇(네이버톡톡 기반) 백엔드 구축,2026.2.20,웹 · 기타,"산출물 완성도, 일정 준수, 금액",3000000,20,15,Python
2026.2.19,사회복지 회계전표 자동화 내부 프로그램 개발(API 연계),2026.2.28,PC 프로그램,"금액, 산출물 완성도, 일정 준수",8000000,50,45,
2026.2.23,쿠팡 API 연동 재고 관리 및 발주 자동화,2026.2.23,웹 · PC 프로그램,,2500000,30,8,
2026.2.20,AI 모델 서빙 병목 현상 해결 및 처리량 증대,2026.3.6,기타,,3000000,7,21,
2026.2.13,거래소 API 연동형 게이미피케이션 금융 학습 서비스 프론트엔드 개발,2026.2.27,웹 · 안드로이드 · iOS,"산출물 완성도, 금액, 일정 준수",25000000,60,3,
2026.2.13,NK 기독교 디지털 콘텐츠 스트리밍 플랫폼 구축(WordPress 커스텀 테마),2026.2.27,웹,"산출물 완성도, 금액, 일정 준수",0,90,20,"PHP,JavaScript,WordPress"
2026.2.19,헬스케어 리포트 모바일 앱 UI/UX 디자인,2026.2.27,iOS,"산출물 완성도, 일정 준수, 금액",5000000,21,45,"UXUI디자인,Figma,data visualization,prototyping,Illustrator"
2026.2.13,GPS 기반 스마트 근태관리 및 인사 시스템 구축,2026.2.27,웹 · 안드로이드 · iOS · PC 프로그램,,100000000,60,83,
2026.2.19,HOD 지그 제어용 안드로이드 태블릿 앱 개발,2026.2.24,안드로이드,"산출물 완성도, 일정 준수, 금액",3000000,20,22,
2026.2.13,인플루언서 커머스 기반 가맹 의원 통합 결제 및 자동 매칭 플랫폼 구축,2026.2.27,웹,"산출물 완성도, 일정 준수, 금액",30000000,90,55,
2026.2.19,렌터카 FMS 플랫폼 리뉴얼 및 IoT 관제(MQTT) 고도화 개발,2026.2.27,웹 · 기타,,200000000,90,22,
2026.2.13,그라파나 기반 대시보드 구축,2026.2.27,PC 프로그램 · 기타,,3000000,15,27,
2026.2.13,교통약자 대상 배리어 프리 경로 안내 앱 MVP 개발,2026.2.27,안드로이드 · iOS,,8000000,30,47,공공데이터 api 연동
2026.2.12,아임웹 상품 상세페이지 내 자동 견적 계산기 삽입,2026.2.26,웹,,300000,1,26,JavaScript
2026.2.20,광고 매체 통합(API) 및 웹 로그 분석 SaaS 기능 고도화 개발,2026.2.27,웹 · 안드로이드 · iOS,"산출물 완성도, 금액, 일정 준수",15000000,50,35,
2026.2.12,자동화창고 설비 유지보수 디지털 매뉴얼 및 대시보드 앱(Android) 구축,2026.2.26,안드로이드,,0,90,26,
2026.2.12,"보험 약관/상품 정보(PDF, 이미지) 기반 AI 상담 챗봇 구축",2026.2.26,웹,"산출물 완성도, 일정 준수, 금액",30000000,70,30,
2026.2.12,카카오채널 연동 AI기반 고객 응대 자동화 챗봇 개발,2026.2.26,웹 · 안드로이드 · iOS,"산출물 완성도, 일정 준수, 금액",10000000,60,48,"Node.js,WebSocket,Redis,aws rds,AWS S3,React Native,React,express.js,AWS EC2,MongoDB"
2026.2.12,공장/로봇 자동화 전문기업 반응형 홈페이지 리뉴얼,2026.2.26,웹,,5000000,30,88,
2026.2.12,위치 기반 번개 모임 및 익명 커뮤니티 플랫폼(Android/iOS) 구축,2026.2.26,안드로이드 · iOS,,32000000,90,33,
2026.2.12,서비스 가입용 신분증 촬영 및 이미지 자동 보정 앱 개발,2026.2.26,안드로이드 · iOS,"산출물 완성도, 금액, 일정 준수",10000000,60,28,"Firebase,express.js,MongoDB,React Native,Git,Node.js,AWS S3"
2026.2.11,GPS 기반 QR 스탬프 랠리 체험형 웹 플랫폼 디자인 및 개발,2026.2.25,웹,"산출물 완성도, 일정 준수, 금액",8000000,90,26,
2026.2.12,전문직 대상 구인구직 플랫폼 구축,2026.2.26,웹 · 안드로이드 · iOS,"산출물 완성도, 일정 준수, 금액",25000000,90,92,
2026.2.12,건설업 특화 본사/현장/협력사 간 커뮤니케이션 협업 메신저 구축,2026.2.26,안드로이드 · iOS · PC 프로그램,,100000000,180,57,
2026.2.11,발렛 주차 관리 플랫폼 MVP 구축,2026.2.14,웹 · 안드로이드 · iOS,,20000000,90,1,
2026.2.11,QR 코드 기반 정품등록 및 3-Way 포인트 통합 운영 시스템 구축,2026.2.25,웹 · 안드로이드 · iOS,,0,90,24,
2026.2.11, 식단 이미지 OCR 분석 및 데이터 구조화 MVP 구축,2026.2.19,웹,,20000000,90,35,
2026.2.11,GPS 기반 QR 스탬프 랠리 체험형 웹 플랫폼 디자인 및 개발,2026.2.11,웹,"금액, 일정 준수, 산출물 완성도",8000000,120,8,
2026.2.11,.NET 기반 기능 수정 및 외부 시스템 연동 개발,2026.2.14,웹,"산출물 완성도, 금액, 일정 준수",1200000,8,1,"MSSQL,Windows Server,ASP.NET,.Net,C#"
2026.2.11,BSC DEX Web3 유동성 공급망 통합 관리 및 모니터링 시스템,2026.2.12,웹 · 기타,"산출물 완성도, 일정 준수, 금액",0,30,1,"wab3,Solidity,nodejs"
2026.2.11,프로토타입 기반 현장 안전 점검 및 보고서 자동화 시스템 개발,2026.2.25,웹,"일정 준수, 산출물 완성도, 금액",10000000,60,31,
2026.2.11, 방문자 신청 및 출입 관리 시스템 고도화,2026.2.25,웹,"산출물 완성도, 일정 준수, 금액",12000000,60,60,
2026.2.11,Cafe24 쇼핑몰 OTP 기반 로그인 도입 및 AS 접수 시스템 통합 구축,2026.2.24,웹,,0,30,17,
2026.2.11,WinForms 기반 데스크탑 앱 UI/UX 리뉴얼,2026.2.25,PC 프로그램,"산출물 완성도, 금액, 일정 준수",5000000,30,15,"C#,winform,.Net"
2026.2.11,사업자 인증 기반 폐쇄형 펀딩 및 일반 펀딩 통합 플랫폼 개발,2026.2.25,웹,"산출물 완성도, 금액, 일정 준수",40000000,90,27,
2026.2.11,AI 성명학 분석 및 리포트 생성 웹/모바일 앱 구축,2026.2.24,웹 · 안드로이드 · iOS,"산출물 완성도, 일정 준수, 금액",30000000,90,82,
2026.2.11,글로벌 사출금형 B2B 기업 반응형 홈페이지 구축,2026.2.25,웹,"산출물 완성도, 일정 준수, 금액",15000000,60,88,
2026.2.19,항전장비 및 지상관제 통합 시스템 개발,2026.3.5,PC 프로그램 · 임베디드 · 기타,,40000000,120,4,
2026.2.10,레스토랑 브랜드 다국어 홈페이지 제작,2026.2.24,웹,,20000000,60,77,
2026.2.10,웹툰 에이전시 정산 자동화 백오피스 시스템 구축,2026.2.11,웹,,25000000,90,30,
2026.2.10,병원 브랜드 홈페이지 리뉴얼 개발,2026.2.24,웹 · 기타,,8000000,60,74,
2026.2.10,폐쇄형 프라이빗 라이브커머스 플랫폼 구축,2026.2.24,웹 · 안드로이드 · iOS,"산출물 완성도, 금액, 일정 준수",0,100,28,
2026.2.10,SAP ERP 연동 물류 자동화 및 Windows 바코드 스캔 시스템 구축,2026.2.24,PC 프로그램 · 기타,,0,90,13,"SAP,ABAP"
2026.2.10,디자이너 브랜드 쇼핑몰 구축 ,2026.2.24,웹,,30000000,60,0,
2026.2.10,Shopify 기반 인플루언서 세컨핸드 패션 경매 플랫폼 구축,2026.2.17,웹 · 안드로이드 · iOS,"산출물 완성도, 일정 준수, 금액",130000000,120,26,shopify
2026.2.12,oracle 11g to aws postgreSQL 변환,2026.2.13,웹 · PC 프로그램,"산출물 완성도, 일정 준수, 금액",3500000,10,1,SQL
2026.2.10,AI 문법 생성 엔진 연동형 학습 LMS 및 로그 데이터 파이프라인 구축(SaaS),2026.2.23,웹,"산출물 완성도, 금액, 일정 준수",50000000,100,21,
2026.2.9,시술 사진 기록 및 문자 발송 기능이 포함된 업무용 앱 개발,2026.2.23,웹 · 안드로이드,,12000000,30,70,
2026.2.10,우주 과학 플랫폼 UI/UX 및 BI 디자인,2026.2.24,안드로이드 · iOS,"산출물 완성도, 일정 준수, 금액",7000000,60,34,"Figma,Adobe Illustrator"
2026.2.13,금융권 내부 임직원 업무 지원 AI 챗봇 구축,2026.2.26,웹 · PC 프로그램,,0,120,35,
2026.2.9,MRO 판촉물 중개 플랫폼 구축,2026.2.23,웹,"일정 준수, 산출물 완성도, 금액",30000000,120,48,
2026.2.10,AI 도구 활용 업무 자동화 1일 방문 컨설팅,2026.2.24,PC 프로그램 · 기타,,400000,1,15,
2026.2.10,게임 서비스 프로모션 배너 및 랜딩 페이지 디자인/퍼블리싱 연간 운영,2026.2.24,웹,,0,365,0,"Figma,Adobe Photoshop,webdesign,Illustrator"
2026.2.9,AI 기반 NPL 부동산 경매 플랫폼 구축,2026.2.23,웹,"산출물 완성도, 일정 준수, 금액",70000000,150,3,
2026.2.9,운동 강사를 주요 타겟으로 하는 디지털 헬스케어 서비스 구축,2026.2.23,웹 · 안드로이드 · iOS,"산출물 완성도, 일정 준수, 금액",50000000,120,51,
2026.2.9,식품안전나라 API 기반 신규 음식점 데이터 정기 수집 (건별 계약),2026.2.23,웹,"업무 능력, 근무 시작일, 예산 범위",2400000,30,102,
2026.2.9,VoC 데이터 분석 및 관리 시스템 구축,2026.2.9,웹,,20000000,60,35,
2026.2.9,Vimeo 연동 이러닝 플랫폼 프론트엔드 개발,2026.2.23,웹,"산출물 완성도, 금액, 일정 준수",10000000,60,46,
2026.2.9,AI 기반 심리상담 데이터 분석 및 리포트 자동 생성 MVP 구축,2026.2.9,웹,,20000000,90,13,
2026.3.12,NFC 기반 스마트 빌딩 청소 관리 성과평가 플랫폼 구축,2026.3.26,웹 · 안드로이드 · iOS,,0,180,4,
2026.2.9,GPT-OSS 120B 추론 서버 구축(경남 진주 출장 필요/일급 30만원/경비 별도 지급),2026.2.22,기타,,300000,1,2,
2026.2.9,업비트 자동 매매 윈도우 프로그램 개발,2026.2.22,웹,"산출물 완성도, 금액, 일정 준수",3000000,30,47,
2026.2.9,모니터링 시스템 복구 및 유지보수,2026.2.23,웹,"업무 능력, 근무 시작일, 예산 범위",1500000,15,32,"Python,RaspberryPi,Java"
2026.2.9,SaaS 기반 당뇨병 소모성 재료 자동 청구 플랫폼 및 안드로이드 앱 개발,2026.2.20,웹 · 안드로이드,,40000000,120,18,
2026.2.12,연약지반(매립지) 영업 정보 수집 및 카카오톡 실시간 알림 프로그램 개발,2026.2.26,PC 프로그램,,5000000,30,23,Python
2026.2.9,STM32F4 기반 센서 제어/통신 MCU 펌웨어 개발,2026.2.21,임베디드,,2000000,15,13,"C,STM32,Eclipse"
2026.2.6,장학재단 홈페이지 메인 하단 유관기관 배너/링크 추가,2026.2.10,웹,,200000,1,33,"HTML,CSS,WordPress"
2026.2.10,AI 기반 농산물 마켓 타이밍 분석 및 스마트 창고 관리 시스템,2026.2.24,웹 · PC 프로그램 · 기타,"산출물 완성도, 금액, 일정 준수",80000000,90,13,
2026.2.6,사업 제안서 PPT 디자인,2026.2.20,기타,,500000,2,18,
2026.2.10,PHP 기반 알림톡 연동·추천 시스템 개발 및 모바일 최적화,2026.2.12,웹,,7000000,60,23,PHP
2026.2.6,Java/React 기반 자동차 보험 연동 및 중개 서비스 플랫폼 구축,2026.2.20,웹 · 안드로이드 · iOS,"산출물 완성도, 일정 준수, 금액",60000000,120,35,"Oracle,Linux,Tomcat,Nginx,React Native,Java,jpa,React,TypeScript,JavaScript,Spring Boot"
2026.2.6,솔루션 기반 External CFO Firm 기업 홈페이지 구축,2026.2.20,웹,,1000000,5,13,
2026.2.6,인터넷/TV 가입 상담용 랜딩페이지 및 간편 관리자 구축,2026.2.20,웹,,1500000,14,55,
2026.2.6,카페24 기반 B2C 브랜드 자사몰 구축,2026.2.20,웹,"산출물 완성도, 일정 준수, 금액",8000000,30,30,Cafe24
2026.2.6,내부 SRM 연동 자재 운송 관리 및 스마트 하역 대기(Queue) 앱 구축,2026.2.20,안드로이드 · iOS,"산출물 완성도, 금액, 일정 준수",50000000,90,32,"Android,iOS"
2026.2.6,웹 기반 3D 공장 설계(Layout Builder) 및 병목 진단 시스템 구축,2026.2.20,웹,,70000000,150,30,"Node.js,three.js,Rest api,3D 시뮬레이션,saas,react.js,PostgreSQL,WebAssembly,WebGL,Canvas API"
2026.2.6,Python/Vue 전사 매장 결산 자동화 시스템 개발(기획/디자인 제공),2026.2.19,웹,"산출물 완성도, 일정 준수, 금액",45000000,60,15,"Vue.js,Python,Django,MySQL"
2026.2.6,BSC 온체인 유동성 분석 및 운영 관리 대시보드 ,2026.2.11,웹 · 기타,"산출물 완성도, 일정 준수, 금액",0,30,9,"MySQL,Solidity,Node.js,web3"
2026.2.5,교육 플랫폼 카테고리별 대표 이미지 디자인,2026.2.6,웹,,400000,2,1,Figma
2026.2.6,마을 단위 통합 관광 플랫폼(숙박예약+특산품쇼핑) 구축,2026.2.20,웹,,60000000,100,42,
2026.2.6,공공데이터 연동 및 데이터 수집 및 분석 리포트 자동화 웹 서비스 구축,2026.2.13,웹,,16000000,60,39,
2026.2.10,Cafe24 기반 글로벌 쇼핑몰 해외 주소 입력 방식 수정 개발,2026.2.24,웹,"산출물 완성도, 일정 준수, 금액",1000000,7,26,
2026.2.5,사내 생산/재고/매출 통합 관리 ERP 시스템 구축,2026.2.19,웹,"산출물 완성도, 일정 준수, 금액",40000000,90,39,
2026.2.5,React/Java/Spring Boot/MySQL 기반 웹 개발,2026.2.13,웹,,3500000,7,31,
2026.2.5,RK3588J 기반 차량용 SVM 시스템 연동 앱(AOS/iOS) 개발,2026.2.19,안드로이드 · iOS,"산출물 완성도, 일정 준수, 금액",20000000,30,18,"h.264,RTSP,Flutter"
2026.2.5,회사 및 솔루션 소개 홈페이지 디자인,2026.2.9,웹,,1000000,7,23,
2026.2.5,미아 방지 PCB 개발 및 사용자/관리자 웹 개발,2026.2.19,웹,,0,60,17,
2026.2.12,원무과 접수 및 진료실 환자 선택 시 검사 프로그램 자동 입력 RPA 개발,2026.2.26,PC 프로그램,,6000000,40,26,
2026.2.6,특정 산업군에 특화된 채용 플랫폼 구축,2026.2.20,웹,,50000000,120,56,"Node.js,NiceID,react.js,Python,CODEF,popbill,Java,PostgreSQL,AWS,openai api (gpt-4),scraping,Vue.js,MySQL,kakao cert"
2026.2.6,Web 및 C/S(Windows) 2가지 버전의 MES 구축,2026.2.20,웹 · PC 프로그램,,100000000,120,15,
2026.2.5,구글 스프레드시트 DB 연동 카카오 알림톡 발송 자동화,2026.2.19,웹,"금액, 산출물 완성도, 일정 준수",1500000,5,61,
2026.2.5,브리즈(Breeze Remote Pro) 기반 포토 키오스크 통합 솔루션 개발,2026.2.19,PC 프로그램,,35000000,90,15,
2026.2.5,헤드리스 워드프레스/ Next.js 기반 서비스 성능 개선 및 안정화,2026.2.18,웹,,3000000,30,14,"next.js,GraphQL,cloudways,WordPress,Rest api"
2026.2.5,Dify 연동 AI 업무 자동화 앱 모음 서비스 구축,2026.2.19,웹,"산출물 완성도, 금액, 일정 준수",10000000,30,25,
2026.2.5,NFC 연동 및 런닝머신 운동 기록 측정 센서 디바이스 개발,2026.2.19,임베디드 · 기타,"산출물 완성도, 일정 준수, 금액",8000000,30,12,
2026.2.4,자동차 딜러용 금융사 엑셀 견적 비교 웹플랫폼 구축,2026.2.18,웹 · 안드로이드 · iOS,"산출물 완성도, 금액, 일정 준수",30000000,90,84,
2026.2.4,아이스하키팀 관리 ERP SaaS 및 매칭 커뮤니티 플랫폼,2026.2.18,웹,"산출물 완성도, 금액, 일정 준수",0,100,2,
2026.2.5,위치 기반 공간/제품 매칭 플랫폼 MVP 구축,2026.2.19,웹,"일정 준수, 산출물 완성도, 금액",0,60,38,"Java,Node.js,GoogleAnalytics,React,EC2"
2026.2.10,NodeJS/React 기반 cafe24 주문 내역 집계 자동 시스템 개발,2026.2.24,웹,,3500000,15,43,"MariaDB,AWS,Node.js,React"
2026.2.5,숙박 플랫폼 구축 및 고도화,2026.2.19,웹,"산출물 완성도, 금액, 일정 준수",50000000,160,28,
2026.2.4,온라인 상품권 자동 매입 플랫폼 구축,2026.2.18,웹,,10000000,60,29,
2026.2.5,박스 판매 및 자동 견적 플랫폼 구축,2026.2.19,웹,,20000000,45,62,
2026.2.5,그누보드 기반 컨설팅 기업 홈페이지 고도화 리뉴얼,2026.2.19,웹,"금액, 산출물 완성도, 일정 준수",5500000,30,21,
2026.2.5, PHP 기반 홈페이지 성능 및 AEO 고도화,2026.2.18,웹,"산출물 완성도, 일정 준수, 금액",3000000,30,21,"JSON-LD,JavaScript,PHP,HTML,CSS,MySQL"
2026.2.4,소리 분석 기반 멘탈케어 앱/웹 서비스 UX/UI 기획 및 디자인,2026.2.18,웹 · 안드로이드 · iOS,,4500000,30,24,Figma
2026.2.4,ECK교육 통합 LMS 및 B2B/B2C 플랫폼 전면 리뉴얼 구축,2026.2.18,웹,"산출물 완성도, 금액, 일정 준수",80000000,150,47,
2026.2.4,앱 서비스 6개 모듈 화면 설계서(SB) 작성 (부분 지원 가능),2026.2.6,안드로이드 · iOS,,1200000,5,9,
2026.2.6,고도몰 기반 중고폰 판매 쇼핑몰 디자인 리뉴얼,2026.2.18,웹,"금액, 산출물 완성도, 일정 준수",3000000,14,6,
2026.2.4,카페24 쇼핑몰 Meta 픽셀 및 CAPI 구매 이벤트 중복 제거,2026.2.5,웹,"산출물 완성도, 금액, 일정 준수",250000,1,5,
2026.2.6,반도체 현장 특화 인력 중개 및 노무 관리 플랫폼 구축,2026.2.20,웹 · 안드로이드 · iOS · PC 프로그램,"산출물 완성도, 일정 준수, 금액",80000000,120,26,
2026.2.4,AI LPR 엔진 및  MLOps 파이프라인 구축,2026.2.6,PC 프로그램 · 임베디드 · 기타,"산출물 완성도, 금액, 일정 준수",20000000,90,8,
2026.2.4,AD카드 통신 모듈 펌웨어 수정 및 PLC 데이터 연동(Modbus RTU),2026.2.13,임베디드,,3000000,15,10,
2026.2.4,웹 기반 커스텀 굿즈 디자인 에디터 및 커머스 플랫폼 구축,2026.2.17,웹,,70000000,120,41,
2026.2.4,글로벌 데이팅 소셜 디스커버리 앱 개발,2026.2.17,안드로이드 · iOS,"산출물 완성도, 일정 준수, 금액",30000000,90,18,
2026.2.4,수면 측정 및 관리 하이브리드 앱 UI/UX 디자인,2026.2.6,웹 · 안드로이드 · iOS,,2000000,14,22,Figma
2026.2.5,카페24 기반 B2C 브랜드 자사몰 구축,2026.2.6,웹,"산출물 완성도, 일정 준수, 금액",8000000,30,15,Cafe24
2026.2.4,독립형 온라인 강의 플랫폼(LMS) 구축 및 데이터 이관,2026.2.17,웹,"산출물 완성도, 금액, 일정 준수",45000000,90,59,
2026.2.4,공공데이터포털 API를 이용한 데이터 분석 입찰가격산출,2026.2.17,웹 · PC 프로그램,"금액, 산출물 완성도, 일정 준수",2500000,20,27,
2026.2.3,법률 자가진단 및 상담 결제 플랫폼 구축,2026.2.5,웹,"산출물 완성도, 금액, 일정 준수",10000000,60,44,
2026.2.3,Store Module(Windows 서비스 애플리케이션) 개발 ,2026.2.17,PC 프로그램,"산출물 완성도, 일정 준수, 금액",8000000,30,10,"MongoDB,Ftp,.Net,Windows Service,RabbitMQ,Prometheus,C#"
2026.2.3,React / Pug 구현 방식에 대한 기술 검토 및 전문가 의견서 작성,2026.2.5,웹,,200000,1,2,React
2026.2.6,AI/LaTeX 기반 수학 문항 자산화 및 자동 채점 플랫폼 구축,2026.2.20,웹 · 기타,,80000000,130,16,
2026.2.3,안면 인식 및 자동 합성 기능을 갖춘 그림책 서비스 개발,2026.2.17,안드로이드 · iOS,,30000000,100,30,
2026.2.4,안면 인식 및 전자 서명 연동 공수 관리 시스템 구축,2026.2.12,웹 · 안드로이드 · iOS,,40000000,90,62,
2026.2.3,자율주행 레일 기기 탑재용 카메라 비전 센서 및 제어기 개발,2026.2.17,임베디드,"산출물 완성도, 금액, 일정 준수",15000000,90,10,
2026.2.3,현장 서비스 리포트 및 안전 서류 관리 시스템 개발,2026.2.17,안드로이드,,30000000,90,33,
2026.2.3,소개팅 매칭 앱 개발,2026.2.17,안드로이드 · iOS,"산출물 완성도, 일정 준수, 금액",18000000,28,54,
2026.2.3,AI 피부/건강 분석 및 3D 아바타 기반 뷰티/웰니스 커머스 플랫폼,2026.2.17,안드로이드 · iOS,,0,180,20,
2026.2.3,이미지 표 데이터 추출 및 취합 자동화 시스템 개발,2026.2.17,PC 프로그램,"산출물 완성도, 일정 준수, 금액",8000000,30,48,"ASP.NET,MySQL,epplus,Flask,Python,C#,SQLite,OpenXML,OpenCV"
2026.2.5,마라톤 운영 효율화 웹 구축,2026.2.9,웹,,0,70,26,
2026.2.3,네일샵 운영을 위한 통합 관리 솔루션 구축,2026.2.8,웹 · 안드로이드 · iOS,,60000000,180,48,
2026.2.5,운영 중 서비스 백엔드 유지보수 및 API 연동,2026.2.10,웹 · 안드로이드 · iOS,"산출물 완성도, 일정 준수, 금액",12000000,90,39,"PostgreSQL,nest.js,AWS"
2026.2.3,cafe24 기반 인테리어 자재 쇼핑몰 구축,2026.2.13,웹,"산출물 완성도, 일정 준수, 금액",7000000,45,35,
2026.2.2,아르바이트 및 땡처리(재고정리) 매칭 중개 플랫폼 MVP 구축,2026.2.16,안드로이드 · iOS,,15000000,60,63,
2026.2.3,RK3588J 기반 차량용 SVM 및 통합 관제 UI 개발,2026.2.13,임베디드,,25000000,60,8,
2026.2.3,공고 등록 및 지원자 관리 웹 시스템 MVP 개발,2026.2.17,웹 · PC 프로그램,"산출물 완성도, 금액, 일정 준수",8000000,45,86,
2026.2.2,해외 전시용 영문 카탈로그 디자인,2026.2.12,기타,,1500000,10,23,"Adobe Photoshop,Illustrator,Indesign"
2026.2.2,카페24 기반 쇼핑몰 메인 배너 미노출 오류 수정 및 정상화,2026.2.16,웹,,300000,1,46,Cafe24
2026.2.2,상품권 자동 매입 플랫폼 구축,2026.2.16,웹 · 안드로이드 · iOS · PC 프로그램,,10000000,60,36,
2026.2.2,그누보드 기반 컨설팅 기업 홈페이지 고도화 리뉴얼,2026.2.3,웹,"금액, 산출물 완성도, 일정 준수",4700000,30,14,
2026.2.2,Flutter / Spring Boot 기반 모바일 앱 DB연동 백엔드 오류 수정,2026.2.10,안드로이드 · iOS,"산출물 완성도, 금액, 일정 준수",1000000,15,28,
2026.2.3,EMR 제어 및 데이터 추출을 위한 윈도우 RPA 모듈 개발,2026.2.15,PC 프로그램,"산출물 완성도, 일정 준수, 금액",6000000,30,21,
2026.2.2,LAVFilters 오픈소스 윈도우 컴파일 및 빌드 환경 구축,2026.2.16,PC 프로그램 · 기타,산출물 완성도,1000000,2,13,"MinGW,C++,lavfilters,msys"
2026.2.2,영상 아카이빙 반응형웹 플랫폼 및 NAS 연동 구축,2026.2.10,웹,"산출물 완성도, 일정 준수, 금액",30000000,100,22,
2026.2.2,데이터 권한 관리(마스킹/승인) 기능이 포함된 사내 시스템 개발,2026.2.10,웹,"산출물 완성도, 금액, 일정 준수",12000000,80,56,
2026.2.2,네이버 클라우드 기반 커머스 서비스 장애 원인 분석 및 해결,2026.2.14,웹,"산출물 완성도, 일정 준수, 금액",3000000,10,20,"naver cloud platform,serverdata통신,Spring Boot,apm"
2026.2.2,내부 차량 자동 배차 및 스케줄링 기능 MVP 구축,2026.2.16,웹,"산출물 완성도, 금액, 일정 준수",10000000,45,59,
2026.1.30,온디바이스(Llama 4bit) 및 AWS 하이브리드 AI 여행 퀘스트 플랫폼,2026.2.13,안드로이드 · 기타,산출물 완성도,150000000,150,28,"Xcode,TensorFlow,Kotlin,AWS,Python,Swift,Android,Docker"
2026.2.2,PC/웹캠 기반 검도 자세 분석 및 코칭 솔루션 개발,2026.2.16,PC 프로그램,"금액, 산출물 완성도, 일정 준수",20000000,90,26,
2026.1.30,cafe24 기반 자사몰 연동 이벤트 시스템 및 대시보드 개발,2026.2.9,웹,"일정 준수, 산출물 완성도, 금액",5000000,7,25,
2026.1.30,솔루션 기반 교회 홈페이지 제작,2026.2.13,웹,,3000000,30,43,
2026.1.30,Python/streamlit/MySQL 기반 웹 시스템 고도화 개발,2026.2.13,웹,,3000000,30,31,
2026.2.3,2대2 소개팅 플랫폼 구축,2026.2.13,웹 · 안드로이드 · iOS,"산출물 완성도, 일정 준수, 금액",50000000,120,31,
2026.1.30,뷰티 디바이스 연동 모바일앱 구축,2026.2.13,안드로이드 · iOS,,15000000,60,43,
2026.1.30,iOS 앱을 Apple Developer Enterprise Program에 등록/배포,2026.2.6,iOS,,500000,2,14,
2026.1.30,중전기 설계 지원 보안형 AI 어시스턴트 및 CAD 마이그레이션,2026.2.13,웹 · PC 프로그램,,40000000,120,17,
2026.2.3,홈서비스 예약/상담 신청 웹사이트 및 관리자 CRM 구축,2026.2.17,웹,,30000000,100,37,
2026.1.30,건설 현장 투입비 관리 및 업무 자동화 시스템 구축,2026.2.11,웹 · 안드로이드,"산출물 완성도, 금액, 일정 준수",30000000,90,27,
2026.1.30,QR코드 연동 프로모션 웹페이지 개발,2026.2.5,웹 · 안드로이드 · iOS,,15000000,60,48,
2026.1.29,웹기반 전자발주 시스템 구축,2026.2.12,웹,"산출물 완성도, 일정 준수, 금액",210000000,180,23,"Spring,Java,Vue.js"
2026.1.29,요가·명상센터 공식 반응형 홈페이지 구축,2026.2.12,웹,,3000000,20,72,
2026.1.29,형상 측정 데이터 분석 소프트웨어 개발,2026.2.12,PC 프로그램,,10000000,60,11,
2026.1.29,Wowza 기반 온라인 스트리밍 회의 Web/Android 개발,2026.2.3,웹 · 안드로이드,"일정 준수, 산출물 완성도, 금액",20000000,21,7,wowza
2026.1.29,체험단 중개 플랫폼 데이터 마이그레이션 및 신규 구축,2026.2.12,웹,"산출물 완성도, 금액, 일정 준수",250000000,270,35,
2026.2.2,히터/유량 PID 알고리즘 적용 커피머신 추출모듈 제어보드 개발(POC),2026.2.5,임베디드,,10000000,90,10,
2026.1.30,AI 기반 심리 분석 및 멘탈 라이프로그(Lifelog) 플랫폼 구축,2026.2.13,웹 · 안드로이드,,70000000,90,40,
2026.2.9, 방문자 신청 및 출입 관리 시스템 고도화,2026.2.11,웹,"산출물 완성도, 일정 준수, 금액",8000000,60,33,
2026.1.29,EtherCAT 기반 통신 컨버터 및 DIO/DAQ 보드 3종 개발,2026.2.12,임베디드 · 기타,,200000000,180,20,
2026.1.28,피트니스 기반 운동친구 매칭 플랫폼 구축,2026.2.4,안드로이드 · iOS,"산출물 완성도, 일정 준수, 금액",0,90,2,
2026.1.28,피트니스 기반 운동친구/트레이너 매칭 플랫폼,2026.2.12,안드로이드 · iOS,,0,90,0,"nest.js,Flutter,MySQL,Node.js"
2026.2.9,기업 홈페이지 제품 관리 시스템 및 게시판 개발,2026.2.23,웹 · 안드로이드 · iOS,"산출물 완성도, 일정 준수, 금액",4000000,30,64,
2026.1.28,네이버 스마트스토어 상품 문의(QnA) 자동 답변 시스템 구축(톡톡 제외),2026.2.11,웹,,10000000,40,53,
2026.1.29,React 기반 쇼핑몰 운영 관리 및 유지보수(월200/3개월),2026.2.11,웹,"업무 능력, 예산 범위, 근무 시작일",6000000,90,38,"Java,Vite,Spring Boot,React,AWS,MariaDB,MyBatis"
2026.1.28,연구용 텍스트 분석 도구 리팩토링 및 Colab 환경 구축,2026.2.9,웹 · 기타,,500000,2,5,Python
2026.1.28,Figma 기반 스킨 분석 웹앱 UI/UX 디자인,2026.2.11,안드로이드 · iOS,"산출물 완성도, 금액, 일정 준수",1500000,7,35,Figma
2026.1.28,심리상담센터 디자인 및 퍼블리싱 수정,2026.2.11,웹,,1000000,5,22,
2026.1.28,캔바 스타일의 온라인 디자인 편집기 및 주문 시스템 개발,2026.2.11,웹,,0,120,27,
2026.1.28,SNS 고객 정보 관리 폐쇄형 시스템 구축,2026.1.30,웹,,10000000,15,67,
2026.1.28,HWP 템플릿 기반 문서 자동 생성 라이브러리 개발,2026.2.3,PC 프로그램,,6000000,30,15,
2026.1.28,전동 킥보드 블루투스(BLE) 연동 및 기기 제어 개발,2026.1.28,안드로이드,,3000000,20,11,
2026.1.28,무인회수기 통합 관리 시스템 백엔드 개발 및 인프라 구축,2026.2.11,웹 · 기타,"산출물 완성도, 일정 준수, 금액",20000000,60,45,"WebSocket,EC2,API Gateway,AWS,MySQL,Jenkins "
2026.1.28,엔터테인먼트사 굿즈 판매 글로벌 쇼핑몰 구축,2026.2.2,웹,,0,60,37,
2026.1.28,LLM 기반 기업 콘텐츠 자동 생성 AI 시스템 구축,2026.2.11,웹 · PC 프로그램,"산출물 완성도, 일정 준수, 금액",100000000,90,21,
2026.1.27,특허법률사무소 관리 프로그램 성능 개선 및 기능 고도화,2026.2.2,웹 · 기타,"산출물 완성도, 일정 준수, 금액",2000000,14,9,
2026.1.27,일본 앱 기반 글로벌 다국어(i18n) 확장 개발,2026.2.10,웹 · 안드로이드 · iOS,"산출물 완성도, 일정 준수, 금액",10000000,30,35,"JSP,Docker,React Native,Java,AWS,Spring Boot"
2026.1.27,기업 소개 및 제휴 제안 접수를 위한 반응형 웹사이트 구축,2026.1.27,웹,"산출물 완성도, 금액, 일정 준수",1100000,14,27,
2026.1.27,Java/Angular 기반 면접평가시스템 기능 고도화 및 오류 수정,2026.2.10,웹,"금액, 산출물 완성도, 일정 준수",18000000,40,38,"Spring,Angular,Java,JSP"
2026.2.23,전국 120개 지점 프랜차이즈 통합 플랫폼(App/Web) 및 관리자 구축,2026.3.9,웹 · 안드로이드 · iOS,"산출물 완성도, 금액, 일정 준수",300000000,180,34,JavaScript
2026.1.27,반도체 현장 특화 인력 중개 및 노무 관리 플랫폼 구축,2026.2.2,웹 · 안드로이드 · iOS,"산출물 완성도, 일정 준수, 금액",85000000,150,29,
2026.1.27,테이블오더 앱 UX 현황 분석 및 개선사항 제안,2026.1.30,웹 · 안드로이드 · PC 프로그램,"산출물 완성도, 일정 준수, 금액",2000000,14,9,"UX컨설팅,UX기획,UXUI디자인,UX/UI,컨설팅"
2026.1.27,PHP 기반 워드프레스 테마 수정 및 안정화,2026.2.10,웹,,3000000,21,29,
2026.1.28,커머스 플랫폼 모바일 앱 UI/UX 디자인 (Figma),2026.2.10,안드로이드 · iOS,"산출물 완성도, 금액, 일정 준수",4000000,30,27,"wireframe,Figma,UIUX,mobile design"
2026.1.28,외국인 관광객 대상 서울 미식/교통 통합 앱 구축,2026.2.11,웹 · 안드로이드 · iOS,"산출물 완성도, 일정 준수, 금액",0,120,40,
2026.1.27,가상화폐 선물 자동매매 플랫폼 구축,2026.2.10,웹,,0,90,24,
2026.1.27,식단 및 운동 기록 SNS 앱 MVP 구축,2026.2.10,안드로이드 · iOS,,30000000,90,84,
2026.1.27,주문형 카페 키오스크 UI 리뉴얼(배리어프리) 디자인,2026.1.28,웹 · 안드로이드 · PC 프로그램,"일정 준수, 금액, 산출물 완성도",1200000,14,18,Figma
2026.1.28,Python/Next.js 기반 챗봇 웹 서비스 구축,2026.2.11,웹,,15000000,45,70,"React,Python"
2026.1.26,AI 기반 핀테크 서비스 재정의 및 프로덕트 UX 기획 ,2026.2.9,웹 · 안드로이드 · iOS,,11000000,90,11,
2026.1.26,미리캔버스 웹/인쇄용 디자인 템플릿 정기 제작 (월 정산),2026.3.20,웹 · 기타,"산출물 완성도, 금액, 일정 준수",0,180,83,미리캔버스
2026.1.26,가전제품 오브제용 제품 축소 모형 도면 설계,2026.1.28,기타,"산출물 완성도, 일정 준수, 금액",500000,2,3,
2026.1.26,특허법률사무소 관리 프로그램 성능 개선 및 기능 고도화,2026.1.27,웹 · 기타,"산출물 완성도, 일정 준수, 금액",2000000,14,11,
2026.1.27,헬스장 회원 관리 및 마일리지 적립 시스템 앱/웹 구축,2026.2.4,웹 · 안드로이드 · iOS,"산출물 완성도, 일정 준수, 금액",20000000,90,42,
2026.1.26,빌딩 자동 제어 시스템 동작 시험 및 AI 기반 제어 PC 프로그램 개발,2026.2.6,PC 프로그램 · 임베디드,,30000000,120,37,
2026.1.26,AI 서비스 기업 공식 홈페이지 구축,2026.1.28,웹,"산출물 완성도, 일정 준수, 금액",5000000,60,46,
2026.1.26,묘지 이장/개장 소개 및 견적 자동 산출 홈페이지 구축,2026.1.29,웹,"산출물 완성도, 일정 준수, 금액",2500000,30,35,
2026.1.26,공공데이터 API 연동 입찰 산출 프로그램 개발,2026.2.6,웹,"금액, 산출물 완성도, 일정 준수",15000000,60,36,"JSP,JSON,PHP,Python,MySQL"
2026.1.26,토론 커뮤니티 플랫폼 MVP 구축,2026.2.9,웹 · 안드로이드 · iOS,,25000000,120,87,
2026.1.26,예술 작품 전시 및 판매를 위한 인터랙티브 웹사이트 구축,2026.2.9,웹,,4000000,30,41,
2026.1.26,기존 PHP 홈페이지 퍼블리싱,2026.1.27,웹,"산출물 완성도, 금액, 일정 준수",1000000,7,21,
2026.1.29,해외 타겟 하이퍼로컬 마켓플레이스 앱 MVP 개발,2026.2.5,웹 · 안드로이드 · iOS,,30000000,90,26,
2026.1.26,유학 교육원 홈페이지 리뉴얼 퍼블리싱,2026.2.9,웹,"산출물 완성도, 일정 준수, 금액",2000000,30,43,"Cafe24,PHP,그누보드"
2026.1.26,통신사별 데이터 분석 및 통계 대시보드 웹 시스템 구축,2026.2.9,웹,"금액, 산출물 완성도, 일정 준수",0,180,49,웹개발
2026.1.23,인쇄물 전문 자사몰 구축,2026.2.6,웹,,0,45,37,
2026.1.26,헬스케어 전용 단말 안드로이드앱 개발,2026.2.6,안드로이드,"일정 준수, 산출물 완성도, 금액",0,30,31,
2026.1.23,기획 제안서 PPT 제작 (상주 필수),2026.2.6,기타,,1000000,2,10,
2026.1.23,6축 모션 시뮬레이터 모터 제어 SW 개발,2026.2.6,임베디드,"금액, 산출물 완성도, 일정 준수",7000000,30,6,C++
2026.2.12,이사 매칭 플랫폼 유지보수 개발,2026.2.26,웹 · 안드로이드 · iOS,,6000000,180,33,
2026.1.23,노인복지관 통합 회원 관리 시스템 구축,2026.2.5,웹 · PC 프로그램,"산출물 완성도, 금액, 일정 준수",0,150,33,"MSSQL,Oracle"
2026.1.23,현장 안전보건 관리 및 위험성 평가 통합 시스템 구축,2026.2.6,웹 · 안드로이드 · iOS · PC 프로그램,,45000000,120,41,
2026.1.23,워드프레스 기반 송출 플랫폼 유지보수,2026.2.6,웹,,2400000,180,10,
2026.2.6,생성형 AI 기반 사주 및 MBTI 분석 리포트 자동화 웹 구축,2026.2.20,웹,,30000000,100,45,
2026.1.23,워드프레스 Houzez 테마 커스텀,2026.1.29,웹,"산출물 완성도, 금액, 일정 준수",3000000,30,6,"WordPress,CSS,PHP,JavaScript,jQuery,MySQL,HTML"
2026.1.23,웨비나 송출 플랫폼 신규 구축,2026.2.6,웹,,30000000,60,44,
2026.1.22,소 개체 관리 시스템 백엔드 오류 수정,2026.2.2,웹,,3000000,14,39,
2026.1.23,Illustrator 반복 작업 자동화 스크립트 개발,2026.2.6,PC 프로그램,"산출물 완성도, 금액, 일정 준수",4500000,30,12,
2026.1.22,뷰티샵 Gen-AI 시뮬레이션 및 전자계약 통합 SaaS 개발,2026.2.5,웹 · 안드로이드 · iOS,"산출물 완성도, 일정 준수, 금액",60000000,150,12,
2026.1.22,AI 기반 온오프라인 소셜 매칭 플랫폼 구축,2026.2.5,웹 · 안드로이드 · iOS,"산출물 완성도, 금액, 일정 준수",80000000,150,25,
2026.1.22,Cafe24 기반 도매몰의 자사몰 신규 구축 및 이관,2026.2.5,웹,"산출물 완성도, 금액, 일정 준수",15000000,40,29,
2026.1.22,Java 기반 판매 및 재고 전산 시스템 구축,2026.2.5,웹,"산출물 완성도, 금액, 일정 준수",30000000,80,60,
2026.1.22,15개 부서 홈페이지 통합 재개편 및 통합 관리 시스템 개발,2026.2.5,웹,,150000000,365,25,
2026.1.26,AI 기반 판례 검색 시스템 구축,2026.2.9,웹 · 안드로이드 · iOS,"산출물 완성도, 금액, 일정 준수",30000000,90,76,"MariaDB,PHP"
2026.1.22,.NET 기반의 MS Teams 음성봇 스트리밍 고도화,2026.2.2,PC 프로그램,"산출물 완성도, 일정 준수, 금액",16000000,60,13,"C#,.Net"
2026.1.22,PG 가맹점 사장님용 모바일 웹 디자인 및 퍼블리싱,2026.2.5,웹,"산출물 완성도, 금액, 일정 준수",6000000,40,41,"JavaScript,Figma,framer,CSS,HTML"
2026.1.22,기업 솔루션 홍보 및 고객지원 부서 홈페이지 퍼블리싱 및 개발,2026.2.5,웹,,3000000,15,50,"Figma,Java,JavaScript"
2026.1.22,6축 모션 시뮬레이터 모터 제어 SW 개발,2026.1.23,임베디드,"금액, 산출물 완성도, 일정 준수",7000000,30,8,C++
2026.1.22,기존 앱 연동형 오픈마켓 커머스 플랫폼(App-in-Web/PC) 구축,2026.2.4,웹,"산출물 완성도, 일정 준수, 금액",120000000,170,17,"Java,AWS,Spring"
2026.1.23,글로벌 언어 교환 소셜 플랫폼(HelloTalk 벤치마킹) 앱 구축,2026.2.6,안드로이드 · iOS,"산출물 완성도, 금액, 일정 준수",100000000,150,24,
2026.1.22,특정 단어 인식 아이 돌봄 안드로이드 앱 MVP 개발,2026.2.5,안드로이드,"산출물 완성도, 금액, 일정 준수",15000000,60,32,
2026.1.22,인지력 테스트 서비스 및 자사 쇼핑몰 통합 운영 및 유지보수,2026.2.5,웹 · 안드로이드 · 기타,"산출물 완성도, 금액, 일정 준수",30000000,180,33,"next.js,Kubernetes,AWS,Kotlin,Docker,Android,Spring Boot"
2026.1.21,세차기 연동 및 카드 충전/발급 기능을 갖춘 키오스크 시스템 구축,2026.2.4,웹 · 임베디드,,50000000,120,22,
2026.1.21,DAS 기반 환자 데이터 관리 웹서비스 개발,2026.2.4,웹 · PC 프로그램 · 기타,"산출물 완성도, 금액, 일정 준수",25000000,60,20,
2026.1.21,뷰티 샵 전용 Gen-AI 시뮬레이션 및 전자계약 통합 SaaS 개발,2026.1.22,웹 · 안드로이드 · iOS,"산출물 완성도, 일정 준수, 금액",80000000,150,4,
2026.1.21,.NET 기반의 MS Teams 음성봇 스트리밍 고도화,2026.1.22,PC 프로그램,"산출물 완성도, 일정 준수, 금액",8000000,60,1,"C#,.Net"
2026.1.21,바이브 코딩 생성 결과물 운영 및 배포 가이드 기술 자문,2026.1.26,웹,,100000,1,16,
2026.1.21,동남아 타겟 위치기반 O2O 중개 플랫폼 구축,2026.1.22,웹 · 안드로이드 · iOS,"산출물 완성도, 일정 준수, 금액",20000000,60,15,"MongoDB,AWS,Node.js,express.js,stripe,React Native,Firebase"
2026.1.23,수출용 중고차/사고차 자사몰 구축,2026.2.6,웹,,20000000,60,66,
2026.1.22,출가체험 교육용 웹 리뉴얼 개발,2026.2.5,웹,"산출물 완성도, 금액, 일정 준수",2000000,20,25,
2026.1.21,지도형 SNS 커뮤니티 하이브리드 서비스 mvp구축,2026.2.4,안드로이드 · iOS,"산출물 완성도, 금액, 일정 준수",15000000,70,46,
2026.1.21,위치 기반 할인 정보 제공 MVP 앱 구축,2026.2.4,안드로이드 · iOS,"산출물 완성도, 일정 준수, 금액",10000000,45,56,
2026.1.21,건축물 해체 안전성 검토 및 보고서 자동화 PC 애플리케이션 개발,2026.2.4,PC 프로그램,"일정 준수, 산출물 완성도, 금액",13000000,90,19,
2026.1.21,워드프레스 기반 국제 학술대회 홈페이지 구축(참가 신청/결제 포함),2026.1.30,웹,,5000000,30,13,
2026.1.20, IT기업 홈페이지 리뉴얼 퍼블리싱,2026.1.27,웹,,3270000,20,29,
2026.1.23,SW 라이선스 B2B 쇼핑몰 기획,2026.2.6,웹,,8000000,30,27,
2026.1.20,임베디드 3.5인치 LCD PPT to Figma 디자인,2026.2.3,임베디드,"일정 준수, 산출물 완성도, 금액",500000,5,14,Figma
2026.1.20,Swift/Kotlin 기반 영단어 학습 서비스 고도화 개발 및 유지보수,2026.2.3,안드로이드 · iOS,,7100000,30,25,
2026.1.20,WordPress 기반 요리 교육 브랜드 홈페이지 구축,2026.1.27,웹,"산출물 완성도, 금액, 일정 준수",3000000,30,17,
2026.1.21,LLM 기반 AI 컴패니언 디바이스 하드웨어 및 소프트웨어 통합 개발,2026.2.4,웹 · 안드로이드 · iOS · 임베디드,,80000000,180,19,
2026.1.20,SpringBoot/Kotlin기반 결제솔루션 백엔드 API 고도화 개발,2026.1.27,웹,"산출물 완성도, 일정 준수, 금액",18000000,90,13,"Kotlin,jpa,MyBatis,jira,Spring Boot,dynamodb,MySQL,Docker,AWS,Git"
2026.1.20,치과 홈페이지 4개 다국어 확장 및 SEO 최적화 구축,2026.1.29,웹,"산출물 완성도, 금액, 일정 준수",8000000,40,56,
2026.1.20,카카오톡 메시지 자동 발송 윈도우 프로그램 개발,2026.1.27,PC 프로그램,"산출물 완성도, 일정 준수, 금액",3000000,21,15,
2026.1.20,자전거 정품 등록 및 CS 관리 시스템 리팩토링 및 서버 이전,2026.1.23,웹,"금액, 산출물 완성도, 일정 준수",27000000,90,20,"PHP,MySQL"
2026.1.20,AI 기반 출퇴근 맞춤형 부동산 추천 플랫폼 구축,2026.2.3,안드로이드 · iOS,"일정 준수, 산출물 완성도, 금액",100000000,150,29,
2026.1.20,솔루션 홍보 및 고객지원 부서 홈페이지 구축,2026.1.22,웹,,5000000,27,42,"JavaScript,Figma,Java"
2026.1.20,숏폼 영상 생성 스크립트 작성 (PoC),2026.2.3,PC 프로그램 · 기타,"금액, 산출물 완성도, 일정 준수",1000000,5,15,"OpenCV,FFmpeg,Python"
2026.1.20,AI 기반 건축 도면 분석 및 규정 검토 자동화 시스템  구축,2026.2.3,웹,"산출물 완성도, 일정 준수, 금액",90000000,150,49,"YOLO,Python,LLM"
2026.1.19,골프장 상품소개 영업 제안서 PPT 디자인,2026.2.2,기타,"산출물 완성도, 금액, 일정 준수",500000,3,18,"Figma,ppt디자인,PPT 제작,PowerPoint"
2026.1.19,AI 비전 및 SLAM 기반 선박 도장 검사 플랫폼 구축,2026.2.2,iOS · PC 프로그램,"산출물 완성도, 일정 준수, 금액",100000000,260,1,"AI Deep Learning,Python,IOS app"
2026.2.5,몰입형 웰니스 솔루션 태블릿/키오스크 앱 구축,2026.2.8,안드로이드,"금액, 산출물 완성도, 일정 준수",25000000,20,8,
2026.1.19,PoE 내장형 초음파 수신기 소형화 회로 및 PCB 설계,2026.2.2,임베디드,,3000000,30,7,임베디드 설계기술
2026.1.19,Unity 앱·서버 통합 상태 기술 진단,2026.1.30,안드로이드 · iOS,,1000000,5,2,"Unity,Nestjs"
2026.1.19,단일 페이지 웹 계산기 개발,2026.2.2,웹 · 안드로이드 · PC 프로그램,"금액, 산출물 완성도, 일정 준수",1300000,15,89,"HTML/CSS,JavaScript"
2026.1.19,간병인 플랫폼 환자/보호자용 UI/UX 기획 및 디자인,2026.1.30,웹,,2300000,20,36,Figma
2026.1.19,회사소개 및 상품소개 카달로그 디자인,2026.1.29,기타,"산출물 완성도, 일정 준수, 금액",3000000,20,32,Indesign
2026.1.19,외국인 전용 다국어 배달 플랫폼 유지보수 (기간 연장 가능),2026.1.23,웹 · 안드로이드 · iOS,"일정 준수, 산출물 완성도, 금액",3600000,90,10,
2026.1.19,학원 온라인 성적표 시스템 노코드 연간 유지보수,2026.2.2,웹,,6000000,365,23,
2026.1.16,OCR 기반 설문 데이터 인식 및 통계 분석 서비스 구축,2026.1.30,웹,,20000000,100,46,AWS
2026.1.19,사내 온프레미스 기반 설비 관리 및 예방 정비 시스템 구축,2026.1.30,웹 · 안드로이드 · iOS,,75000000,120,32,
2026.1.16,Andriod/iOS 하이브리드 통역앱 유지보수,2026.1.22,안드로이드 · iOS,,6000000,60,19,"Kotlin,Objective-C,Java"
2026.1.16,보증수리 대차 업무 전용 관리 시스템 개발,2026.1.28,웹,"산출물 완성도, 금액, 일정 준수",20000000,90,45,
2026.1.16,템플릿 기반 웹 그래픽 에디터 및 관리 시스템 개발,2026.1.30,웹 · PC 프로그램,,15000000,50,31,"Node.js,Docker,React,AWS,express.js,MongoDB,Git"
2026.1.19,워드프레스 기반 자율주행 SW 스타트업 영문 웹사이트 UI/UX 디자인 ,2026.1.25,웹,"산출물 완성도, 금액, 일정 준수",1500000,10,12,
2026.1.22,이륜차 주행 데이터 수집·관제 PoC,2026.2.5,웹 · PC 프로그램 · 기타,,30000000,60,4,
2026.1.16,클라우드 기반 LPR 시스템 관리 API 구축 및 관제 시스템 개발,2026.1.27,웹,,8000000,30,12,
2026.1.21,KRX 금시장 자동 계약 체결 트레이딩 프로그램 개발 ,2026.1.30,PC 프로그램,"산출물 완성도, 일정 준수, 금액",15000000,50,20,
2026.1.16,미니게임 기반 에듀테크 학습 앱 구축,2026.1.30,안드로이드 · iOS,"산출물 완성도, 일정 준수, 금액",45000000,120,11,
2026.1.16,델파이(Delphi) 기반 LPR 시스템 제어 로직 API 모듈화 및 경량화,2026.1.28,임베디드,,8000000,30,8,
2026.1.16,기업 홈페이지 및 자사 제품 검색 및 추천 AI 챗봇 구축,2026.1.22,웹,"산출물 완성도, 금액, 일정 준수",30000000,100,17,
2026.1.16,반도체 및 물류 전문 기업 공식 홈페이지 구축,2026.1.30,웹,"산출물 완성도, 금액, 일정 준수",7000000,50,70,
2026.1.16,도면 검수 솔루션 UI 디자인 리뉴얼 및 적용,2026.1.30,PC 프로그램,"산출물 완성도, 금액, 일정 준수",5000000,30,18,"C#.net,C#"
2026.1.21,ComfyUI API 연동 CRM 웹서비스 개발,2026.1.30,웹,,20000000,60,26,
2026.1.16,공간 대여 및 예약 관리 플랫폼 및 아두이노 제어 개발,2026.1.30,웹 · 안드로이드 · iOS · PC 프로그램,"산출물 완성도, 금액, 일정 준수",20000000,100,16,AWS
2026.1.16,경진대회 참가자 관리 및 심사 부문별 독립 사이트 구축,2026.1.26,웹,,25000000,270,28,
2026.1.19,스마트 빌딩 및 임대/매출/시설 통합 관리 시스템 구축 (상주근무),2026.2.2,웹 · 안드로이드 · iOS,"산출물 완성도, 금액, 일정 준수",800000000,300,34,
2026.1.16,한·일 법인 통합 관리 다국어 ERP 시스템 구축,2026.1.30,웹 · 안드로이드 · iOS · PC 프로그램,,60000000,120,22,
2026.1.15,PICO 3 장비 교체에 따른 5D 체험관 VR 콘텐츠 호환성 개발,2026.1.29,PC 프로그램 · 임베디드,,5000000,30,6,
2026.1.16,정보보안 솔루션 UI/UX 디자인 고도화,2026.1.30,PC 프로그램,"산출물 완성도, 금액, 일정 준수",1800000,14,19,"Windows,C++"
2026.1.16,층간소음 측정 앱에 대한 무보정 오디오 입력 구축(갤럭시 Only),2026.1.29,웹 · 안드로이드,"산출물 완성도, 일정 준수, 금액",5000000,21,13,Android
2026.1.19, IT기업 홈페이지 리뉴얼 기획/디자인/개발,2026.1.20,웹 · 안드로이드 · iOS · PC 프로그램,,4500000,35,16,
2026.1.16,교량 안전진단 현장 조사 앱/웹 시스템 개발,2026.1.16,웹 · 안드로이드,"산출물 완성도, 일정 준수, 금액",50000000,120,5,
2026.1.15,인쇄물 셀프 디자인 쇼핑몰 개발,2026.1.29,웹,"산출물 완성도, 금액, 일정 준수",15000000,80,5,
2026.1.15,빌딩 매매 및 AI 기반 가치 분석 플랫폼 구축,2026.1.20,웹 · 안드로이드 · iOS,"산출물 완성도, 일정 준수, 금액",70000000,150,18,
2026.1.15,글로벌 중고거래 플랫폼 고도화 기획,2026.1.29,안드로이드 · iOS,"산출물 완성도, 일정 준수, 금액",18000000,90,24,"Figma,Notion"
2026.1.15,멀티 거래소 연동 가상화폐 전략 트레이딩 및 정산 플랫폼 구축,2026.1.29,웹 · 안드로이드 · iOS,"산출물 완성도, 금액, 일정 준수",50000000,120,11,
2026.1.19,교육 플랫폼 카테고리별 대표 이미지 디자인,2026.2.2,웹,,400000,2,11,Figma
2026.1.15,.NET 기반 기능 수정 및 외부 시스템 연동 개발,2026.1.29,웹,"일정 준수, 금액, 산출물 완성도",600000,4,6,"IIS,Windows,MSSQL,.Net,C#"
2026.1.15,글로벌 물류 셀러 및 파트너 통합 관리 시스템 구축,2026.1.29,웹,,150000000,150,24,
2026.1.15,초등 영어 교육 콘텐츠 디자인/2D 모션그래픽/퍼블리싱,2026.1.29,웹,"일정 준수, 금액, 산출물 완성도",8000000,21,9,"Illustrator,Adobe Photoshop"
2026.1.22,Cafe24 기반 자사몰 SEO 최적화 및 디자인 리뉴얼,2026.1.30,웹,"산출물 완성도, 금액, 일정 준수",8000000,50,13,
2026.1.14,거래소 API 연동형 게이미피케이션 금융 학습 서비스 개발,2026.1.28,웹 · 안드로이드 · iOS,"산출물 완성도, 금액, 일정 준수",50000000,60,12,
2026.1.14,공공데이터 기반입찰 패턴 분석 및 낙찰 예측 프로그램 개발,2026.1.28,PC 프로그램,,8000000,30,22,
2026.1.14,AI 기반 핀테크 서비스 재정의 및 프로덕트 UX 기획 ,2026.1.26,웹 · 안드로이드 · iOS,,11000000,90,13,
2026.1.14,건기식 경험 공유 커뮤니티 개발,2026.1.16,웹 · 안드로이드 · iOS,"금액, 산출물 완성도, 일정 준수",8000000,56,1,
2026.1.14,교재 연동 동적 QR 코드 생성 및 관리 시스템(CMS) 구축,2026.1.19,웹 · 기타,"일정 준수, 산출물 완성도, 금액",10000000,40,32,
2026.1.14,QR 기반 다단계 제조 공정 추적 및 관리 MES 구축,2026.1.28,웹 · 안드로이드 · iOS,"금액, 산출물 완성도, 일정 준수",30000000,90,45,AWS
2026.1.15,Cafe24 기반 식품 브랜드 쇼핑몰 구축,2026.1.29,웹,"산출물 완성도, 일정 준수, 금액",5000000,30,21,
2026.1.13,알림톡 연동·추천 시스템 개발 및 모바일 최적화,2026.1.27,웹,,10000000,60,30,PHP
2026.1.13,신랑신부 맞춤형 본식 플래닝 및 전문 인력 중개 플랫폼 구축,2026.1.27,웹 · 안드로이드 · iOS,,40000000,120,67,
2026.1.13,안경테 전문 브랜드 글로벌 쇼핑몰 구축,2026.1.27,웹,,5000000,45,19,
2026.1.14,카페24 기반 커뮤니티형 커머스 모바일 웹 및 앱 구축,2026.1.28,웹 · 안드로이드 · iOS,"산출물 완성도, 금액, 일정 준수",20000000,60,17,
2026.1.13,워드프레스 기반 홈페이지 디자인/기술 진단 및 상세페이지 시안 제작,2026.1.14,웹,"산출물 완성도, 금액, 일정 준수",1500000,10,3,
2026.1.13,네이버 스마트스토어 상세 이벤트 페이지 부분 디자인,2026.1.27,웹,"산출물 완성도, 금액, 일정 준수",500000,3,13,"Figma,Illustrator,Adobe Photoshop,XD"
2026.1.15,인프라 비용 절감을 위한 AWS 아키텍처 다운사이징 및 Java 백엔드 경량화,2026.1.27,웹,"산출물 완성도, 금액, 일정 준수",15000000,50,46,"React,AWS,Spring,Python,Airflow,Java"
2026.1.14,건설 장비 유류 관리 및 동선 관제 시스템 개발,2026.1.26,웹 · 안드로이드 · iOS,"산출물 완성도, 금액, 일정 준수",5000000,30,9,
2026.1.21,기프트 쇼핑몰 구축,2026.1.30,웹,,0,200,4,
2026.1.13,AI 캐릭터 챗봇 앱 UX 설계 및 와이어프레임 제작,2026.1.20,안드로이드 · iOS,"일정 준수, 산출물 완성도, 금액",1000000,15,9,Figma
2026.1.14,C# 게임 서버 DB 저장 오류 및 로직 수정,2026.1.20,웹 · PC 프로그램,,1000000,5,15,
2026.1.14,ePUB 스트리밍 뷰어 및 구독 플랫폼 구축,2026.1.28,웹 · 안드로이드 · iOS,"금액, 산출물 완성도, 일정 준수",20000000,60,19,
2026.1.13,뷰티 전문가 전용 커뮤니티 및 정보 공유 플랫폼 구축,2026.1.27,안드로이드 · iOS,,35000000,90,38,
2026.1.13,고객사 데이터(MariaDB)를 자사 솔루션(MySQL)에 마이그레이션,2026.1.20,웹 · 기타,"산출물 완성도, 금액, 일정 준수",5000000,30,20,"MariaDB,MySQL"
2026.1.13,기업 홈페이지 디자인 및 콘텐츠 리뉴얼,2026.1.21,웹,,3500000,30,46,
2026.1.13,제품군 3D 디지털 트윈 뷰어 및 스캔 시뮬레이터 구축,2026.1.14,웹 · 안드로이드 · iOS,,45000000,100,7,
2026.1.13,현장/본사간의 문서 공유 자동배포 및 알림 프로그램 개발,2026.1.26,PC 프로그램,"산출물 완성도, 금액, 일정 준수",3500000,15,23,
2026.1.14,기존 AI 챗봇 연동 서비스 개발,2026.1.28,웹 · 안드로이드 · iOS,"산출물 완성도, 일정 준수, 금액",23000000,75,50,
2026.1.13,K-Legal Tech Index 구축 및 연구센터 통합 웹 플랫폼 개발,2026.1.27,웹 · 안드로이드 · iOS,"산출물 완성도, 일정 준수, 금액",10000000,50,28,"API연동,CMS,seo,frontend"
2026.1.12,기업용 보안키퍼/화상회의 및 구독 관리 시스템 구축,2026.1.16,웹 · PC 프로그램,"산출물 완성도, 일정 준수, 금액",80000000,120,6,
2026.1.16,유럽 전문 여행사 홈페이지 신규 구축 및 예약 결제 시스템 개발,2026.1.23,웹 · 안드로이드 · iOS · PC 프로그램,"산출물 완성도, 일정 준수, 금액",40000000,90,94,
2026.1.12,갤러리/VIP 라운지 키오스크 프로그램 개발,2026.1.26,임베디드,,10000000,60,31,
2026.1.12,한의학 기반 증상 진단 및 처방 설문웹 구축,2026.1.26,웹,"산출물 완성도, 금액, 일정 준수",3500000,15,68,
2026.1.13,.NET 기반 기능 수정 및 외부 시스템 연동 개발,2026.1.14,웹,"일정 준수, 금액, 산출물 완성도",900000,7,5,".Net,IIS,C#,Windows"
2026.1.14,기업용 통합 고객 포털 및 업무 관리 시스템 구축,2026.1.21,웹 · 안드로이드 · iOS,"금액, 산출물 완성도, 일정 준수",35000000,70,47,"Android+iOS,JAVA, JSP, Spring Framework"
2026.1.12,식재/시설물 시공 도면 인식 및 자동 견적 시스템 구축,2026.1.26,PC 프로그램,"산출물 완성도, 금액, 일정 준수",60000000,100,14,
2026.1.12,공유자전거 통합 운영 및 모바일 플랫폼 구축,2026.1.26,웹 · 안드로이드 · iOS · 기타,"산출물 완성도, 금액, 일정 준수",120000000,120,38,
2026.1.12,기존 플랫폼에 쇼핑몰(상품 리스트) 서비스 연결 및 데이터 통합,2026.1.26,PC 프로그램,,1300000,5,10,
2026.1.12,LLM 챗봇 도입 구조 포함 연구소 홈페이지 구축,2026.1.16,웹 · 기타,"일정 준수, 금액, 산출물 완성도",8000000,40,36,
2026.1.12,자녀 안심 관리 서비스를 위한 백엔드 및 MDM 연동 개발,2026.1.13,웹,"산출물 완성도, 일정 준수, 금액",6000000,45,3,"Node.js,AWS"
2026.1.12,나라장터 데이터 연동 정보 제공 사이트 구축,2026.1.26,웹 · PC 프로그램,,10000000,40,50,
2026.1.13,실시간 고객 접수 모바일 웹 및 엑셀형 관리자 시스템 구축,2026.1.27,웹,,15000000,60,60,
2026.1.12,"Capacitor활용 웹앱 패키징 및 스토어(Play Store, App Store) 등록 ",2026.1.26,안드로이드 · iOS,,2000000,30,18,
2026.1.20,모바일 웹 주문 프론트 및 파트너 어드민 통합 개발,2026.1.30,웹,"산출물 완성도, 일정 준수, 금액",15000000,75,47,
2026.1.9,임직원 전용 입점형 폐쇄몰 및 포인트 정산 시스템 개발,2026.1.23,웹 · 안드로이드 · iOS,,40000000,90,64,
2026.1.9,그누보드 반응형 웹사이트 개발,2026.1.23,웹,"일정 준수, 산출물 완성도, 금액",2300000,20,41,"Figma,그누보드"
2026.1.9,O2O 자전거 정비 업체 공유 및 예약서비스,2026.1.23,웹 · 안드로이드 · iOS,,25000000,70,3,
2026.1.12,Bubble/Next.js 기반 운동 공간 모니터링 시스템 기능 개선,2026.1.16,웹,,3600000,21,12,"JavaScript,AWS,Responsive Web Design,Python"
2026.1.9,수요자 맞춤 항공 웹 서비스 리디자인,2026.1.21,웹,"산출물 완성도, 금액, 일정 준수",3150000,21,13,Figma
2026.1.9,LED 면휘도 측정 및 OK/NG 판별 프로그램 개발,2026.1.16,PC 프로그램,,4000000,15,12,
2026.1.9,보상형 키우기 게임 기획 및 디자인,2026.1.19,웹,"산출물 완성도, 일정 준수, 금액",4000000,30,12,
2026.1.9,Digital Surf SDK 활용 2D 프로파일 분석 소프트웨어 개발,2026.1.23,PC 프로그램,,10000000,60,6,
2026.1.14,B2B 인력 관리 및 근로계약 자동 생성 플랫폼 개발,2026.1.28,웹 · 안드로이드 · iOS,,45000000,90,34,
2026.1.9,AI 기반 야구 영상 분석 및 스카우트 시스템 구축,2026.1.23,웹,,200000000,180,18,
2026.1.19,Cafe24 연동 3D 트리 및 오너먼트 시뮬레이터 개발,2026.1.26,웹 · 기타,"산출물 완성도, 금액, 일정 준수",10000000,30,11,"Node.js,three.js,AWS S3,React,express.js,MongoDB,Git,JavaScript"
2026.1.9,웹사이트 콘텐츠 수정 및 정기 유지보수 (6개월 계약),2026.1.23,웹 · PC 프로그램,,1200000,180,65,
2026.1.8,와이파이 카메라-PC 간 무선 사진 전송 연결 및 자동 저장,2026.1.22,PC 프로그램,"산출물 완성도, 일정 준수, 금액",2500000,15,9,"Fiddler,wireshark,tcp/ip, http, ftp, rtsp, udp,Python"
2026.1.8,통신 대리점 전용 고객관리 및 업무 자동화 시스템 구축,2026.1.21,웹,"금액, 산출물 완성도, 일정 준수",30000000,90,24,
2026.1.8,UWB 기반 이동 로봇 위치 인식 교육/시연용 레퍼런스 구축,2026.1.19,임베디드 · 기타,,5000000,30,8,"Python,ros2"
2026.1.9,iOS 멤버십 구독 및 결제 서버 동기화 시스템 구축,2026.1.14,웹 · 안드로이드 · iOS,,30000000,30,20,
2026.1.8,AI 안면인식 및 GPS 기반 스마트 근태/정산 관리 시스템 구축,2026.1.20,웹 · 안드로이드 · iOS,,85000000,120,28,
2026.1.8,Flutter 기반 ERP 연동 사내 모바일 시스템 리뉴얼,2026.1.22,웹 · 안드로이드 · iOS,"산출물 완성도, 금액, 일정 준수",10000000,50,33,"Flutter,MSSQL"
2026.1.8,알림톡 연동 및 추천 시스템 기능 개발,2026.1.13,웹,,8000000,40,30,PHP
2026.1.7,대학 법인 홈페이지 리뉴얼 기획/디자인/퍼블리싱,2026.1.21,웹,"산출물 완성도, 일정 준수, 금액",2500000,30,25,WordPress
2026.1.7,정보보안 솔루션 UI/UX 디자인 고도화,2026.1.14,PC 프로그램,,2500000,14,27,
2026.1.9,숙박업 전용 생성형 AI 키오스크(SW/HW) 구축,2026.1.21,임베디드 · 기타,"산출물 완성도, 금액, 일정 준수",60000000,180,19,"React Native,OpenAI,phython,computer vision,Android,fastapi,RPA"
2026.1.13,Indico API 및 Eximbay SDK 기반 결제 모듈 구현,2026.1.20,웹,"일정 준수, 금액, 산출물 완성도",3500000,15,10,"HTML,Indico,Python,JavaScript"
2026.1.7,토큰(Variables) 기반의 핀테크 UI 디자인 (5~7P),2026.1.21,웹 · PC 프로그램,"산출물 완성도, 금액, 일정 준수",1300000,14,6,
2026.1.7,학생-기업 매칭 알고리즘 웹(모바일 UI기준) 개발,2026.1.21,웹,"금액, 산출물 완성도, 일정 준수",3000000,30,59,
2026.1.7,스포츠 대회 그래픽 디자인 및 대회 기간 현장 대응 (4일 상주),2026.1.8,기타,"일정 준수, 산출물 완성도, 금액",2500000,90,1,
2026.1.7,핸드폰 사용 금지 앱 구축,2026.1.21,안드로이드 · iOS,"산출물 완성도, 금액, 일정 준수",12000000,30,27,
2026.1.7,폐차장 전용 입찰 가치 산정 및 관리 시스템 개발,2026.1.20,웹,"산출물 완성도, 금액, 일정 준수",15000000,60,42,
2026.1.7,공식 홈페이지 React 기반 웹 퍼블리싱,2026.1.11,웹,"일정 준수, 산출물 완성도, 금액",2300000,14,27,"TypeScript,React"
2026.1.6,IOT 센서 안전고리 실시간 체결 감지 앱 MVP 개발,2026.1.20,안드로이드,"산출물 완성도, 일정 준수, 금액",8000000,30,35,"Flutter,Firebase Cloud Messaging,Kotlin,Rest api,Git,React Native,Android,fcm,Firebase Realtime Database"
2026.1.6,조명 및 실링팬 인테리어 3D 가상 배치 시뮬레이션 웹 구축,2026.1.7,웹,"산출물 완성도, 금액, 일정 준수",50000000,120,9,
2026.1.6,C언어 기반 OCPP 1.6 Websocket 통신 시스템을 JAVA로 변경,2026.1.20,임베디드,"산출물 완성도, 일정 준수, 금액",100000000,180,55,"MSSQL,C,Java,WebSocket,OCPP,Spring Boot"
2026.1.6,AI 나레이션 기반 오디오 광고 자동 제작 웹 플랫폼 구축 (API 연동),2026.1.12,웹,"산출물 완성도, 금액, 일정 준수",10000000,60,25,"API연동,웹개발"
2026.1.6,상패/트로피 주문 제작 쇼핑몰/브랜드 홈페이지 구축 및 MES 연동(PHP 필수),2026.1.20,웹,"산출물 완성도, 금액, 일정 준수",35000000,120,19,
2026.1.6,공공데이터포털 자료수집 및 분석을 통한 사정율 예측 웹사이트 개발,2026.1.20,웹,"산출물 완성도, 금액, 일정 준수",8000000,50,25,
2026.1.6,PLC 데이터 연동 모니터링 시스템 서버 이관 및 앱 개발,2026.1.9,웹 · 안드로이드 · iOS · PC 프로그램,"산출물 완성도, 일정 준수, 금액",9000000,50,15,
2026.1.6,실시간 위치 기반 어린이 셔틀버스 안전 서비스 통합 앱 구축,2026.1.20,웹 · 안드로이드 · iOS,,70000000,120,32,
2026.1.6,위치 기반 차량 정보 연동 세차 예약 플랫폼 구축,2026.1.20,웹 · 안드로이드 · iOS,"산출물 완성도, 일정 준수, 금액",30000000,90,63,
2026.1.7,php/JavaScript 기반 리워드 앱 템플릿 커스터마이징 개발,2026.1.13,웹,,5000000,30,10,"JavaScript,PHP,HTML,Java,CSS"
2026.1.12,Cloudflare Full-stack 기반 글로벌 OTT 서비스 구축,2026.1.26,웹,"산출물 완성도, 금액, 일정 준수",35000000,90,14,"AI Deep Learning,풀스택,커뮤니티,cloudflare,PG연동"
2026.1.6,해외 고객 대상의 글로벌(영/중) 웹사이트 구축,2026.1.20,웹,,2500000,5,1,
2026.1.5,출판사 공모전 통합 접수/심사 플랫폼 구축,2026.1.8,웹,,40000000,100,1,
2026.1.8,UWB 기반 기반 드론(Crazyflie) 실내 자율 군집비행 레퍼런스 구축,2026.1.19,임베디드 · 기타,,7000000,30,6,Python
2026.2.11,워드프레스 기반 레거시 연동 하이브리드 앱 고도화 및 오디오북 플레이어 개발,2026.2.25,웹 · 안드로이드 · iOS,,45000000,100,37,"React Native,WordPress,MySQL,PHP,Flutter"
2026.1.5,화장품/바이오 제조 기업 공식 홈페이지 리뉴얼,2026.1.19,웹,,4000000,30,44,
2026.1.5,기업 홈페이지 UI/UX 기획 및 디자인,2026.1.16,웹,,3000000,15,32,
2026.1.5,사주 분석 PDF 자동 생성 및 카카오 알림톡 발송 시스템 개발,2026.1.8,웹 · 안드로이드 · iOS · PC 프로그램,"산출물 완성도, 금액, 일정 준수",5000000,30,29,
2026.1.6,Cafe24 쇼핑몰 구축 및 크리에이터 어필리에이트 시스템 개발 (상주 필수),2026.1.15,웹,"산출물 완성도, 금액, 일정 준수",100000000,180,7,
2026.1.6,농업용 IOT 기기 네트워크 통신부 리팩토링 ,2026.1.8,웹 · 임베디드 · 기타,"산출물 완성도, 일정 준수, 금액",15000000,60,5,"network,C++,embedded linux,mqtt,AWS iot,RaspberryPi"
2026.1.5,한일 주짓수 O2O 플랫폼 구축,2026.1.19,안드로이드 · iOS,"산출물 완성도, 금액, 일정 준수",50000000,120,58,"iOS,React Native,adnroid,Flutter"
2026.1.5,상업용 조리 자동화 장비 렌탈 및 구독 관리 플랫폼 구축,2026.1.19,웹,,50000000,90,38,
2026.1.5,카페 24기반 화장품/바이오 제조 기업 공식 홈페이지 구축,2026.1.5,웹,,5000000,30,5,
2026.1.5,프로젝트 컨텍스트 분석 기반 기업용 기술 문서 자동화 솔루션 구축,2026.1.6,웹,,20000000,45,20,"Gemini,React,next.js,Python"
2026.1.5,노코드 툴 이용 쇼핑몰 판매 데이터 시각화 대시보드 구축,2026.1.19,웹,,4000000,30,14,
2026.1.5,AI 기반 3D 포토그래매트리 키오스크 시스템 구축,2026.1.19,웹,,40000000,120,6,
2026.1.5,물류 오더 관리 및 사고 접수(FNOL) 플랫폼 개발,2026.1.6,웹 · 안드로이드 · iOS,,45000000,90,22,
2026.1.5,자기장 효능 안내 및 위치 기반 알림 서비스 구축,2026.1.7,안드로이드 · iOS,,15000000,60,32,
2026.1.5,미디어 콘텐츠 B2B 거래 및 관리 플랫폼 구축,2026.1.19,웹,"일정 준수, 산출물 완성도, 금액",30000000,60,23,
2026.1.6,의사 대체근무 스케줄 매칭 플랫폼 MVP 구축,2026.1.7,웹,"산출물 완성도, 금액, 일정 준수",10000000,60,35,
2026.1.5,실내 체험형 LED 발판 게임 유니티(Unity) 콘텐츠 개발,2026.1.19,PC 프로그램 · 기타,"산출물 완성도, 금액, 일정 준수",10000000,30,21,"Windows,C#,하드웨어연동,Unity"
2026.1.5,제공하는 API를 연동 분석용 모바일웹 3P 개발,2026.1.8,웹,,1000000,3,19,
2026.1.5,반응형 웹 기반 통합 브랜드 랜딩 페이지 및 SNS 피드 월 구축,2026.1.16,웹,"산출물 완성도, 금액, 일정 준수",10000000,50,20,
2026.1.5,매장 내 실시간 테이블 소통 및 이벤트 관리 프로그램 구축,2026.1.19,웹 · 안드로이드,,18000000,45,54,
2026.1.2,안드로이드 기기 컨텐츠 송출 솔루션(웹 관리자 포함) 구축,2026.1.16,웹 · 안드로이드,"산출물 완성도, 금액, 일정 준수",30000000,60,20,"Java,Spring Boot,Android"
2026.1.2,중대재해 사이렌 데이터 수집 및  및 예방 대책 자동 알림 서비스 개발,2026.1.16,PC 프로그램,,7000000,30,39,
2026.1.2,가상화폐 논 커스터디얼 지갑 개발,2026.1.2,안드로이드 · iOS,"일정 준수, 산출물 완성도, 금액",60000000,120,0,"Solidity,Unit Testing,Electron,AWS,express.js,Docker,smart contracts,tronweb,React Native,web3.js,CI,Node.js"
2026.1.2,쇼피파이 기반 해외 쇼핑몰 구축,2026.1.12,웹,,3000000,30,8,
2026.1.2,일기 쓰기 기반 리워드앱 MVP 개발,2026.1.15,안드로이드 · iOS,"산출물 완성도, 금액, 일정 준수",8000000,60,50,
2026.1.2,실시간 외부 소스 데이터 동기화 및 보조 정보 제공 Flutter 앱 개발,2026.1.15,안드로이드 · iOS,"산출물 완성도, 일정 준수, 금액",10000000,90,25,
2026.1.2,차량용 안심번호 ARS 연동 웹사이트 구축,2026.1.16,웹,"산출물 완성도, 금액, 일정 준수",10000000,25,21,
2026.1.6,워드프레스 기반 공식 대리점 홈페이지 구축(GEO/SEO 특화),2026.1.16,웹,,8000000,60,10,WordPress
2026.1.6,인터랙티브 밸런스 게임을 활용한 여행 스타일 분석 서비스 개발,2026.1.14,웹 · 안드로이드 · iOS · 기타,"산출물 완성도, 금액, 일정 준수",8000000,40,12,
2026.1.5,AI 기반 핀테크 서비스 재정의 및 프로덕트 UX 기획 ,2026.1.14,웹 · 안드로이드 · iOS,,11000000,90,21,
2026.1.8,커머스 플랫폼 UI/UX 리뉴얼 및 기능 고도화,2026.1.22,웹 · 안드로이드 · iOS,,8000000,30,25,
2026.1.5,발렛 주차 관리 플랫폼 MVP 구축,2026.1.19,웹 · 안드로이드 · iOS,,20000000,90,73,
2026.1.5,실시간 골프 티타임 예약 및 조인 매칭 플랫폼 구축,2026.1.19,웹 · 안드로이드 · iOS,"산출물 완성도, 일정 준수, 금액",15000000,50,46,
2026.2.11,솔루션 기반 반응형 웹사이트 구축,2026.2.25,웹,,3600000,60,29,
2026.1.5,부동산 가치 분석 및 개인화 직거래 매칭 플랫폼 구축,2026.1.19,웹,,40000000,90,33,
2026.1.12,왓츠앱 연동 및 제품 소개 기업 홈페이지 구축,2026.1.26,웹,,5000000,30,51,
2026.1.5,의류 커스텀 쇼핑몰 리뉴얼 구축,2026.1.19,웹,"산출물 완성도, 금액, 일정 준수",40000000,90,17,
2026.1.22,주문 접수 자동화 및 자동 송장 출력 기능 개발,2026.2.5,웹,,5000000,60,34,
2026.1.29,의학 용어 특화 STT 및 LLM 기반 리포트 자동화 윈도우 앱 PoC 개발,2026.2.2,PC 프로그램,"산출물 완성도, 금액, 일정 준수",15000000,60,33,